Symbol,Name,LastSale,NetChange,NetChangeDirection,PercentChange,1YrPercentChange
RBUS,Nationwide Risk-Based U.S. Equity ETF,26.2627,-0.0182,down,0.07,-3.31
RCD,Invesco S&P 500 Equal Weight Consumer Discretionary ETF,99.86,-0.65,down,0.65,-1.03
RDIV,Oppenheimer S&P Ultra Dividend Revenue ETF,36.72,-0.27,down,0.73,5.34
RDVY,First Trust Rising Dividend Achievers ETF,29.47,-0.28,down,0.94,-0.23
REGL,ProShares Trust,55.65,0.08,up,0.14,7.34
REK,ProShares Short Real Estate,14.7061,-0.1139,down,0.77,-14.04
REM,iShares Trust,43.635,-0.085,down,0.19,6.09
REML,Credit Suisse AG,25.0794,-0.2301,down,0.91,5.08
RETL,Direxion Daily Retail Bull 3X Shares ETF,28.54,-0.5722,down,1.97,-17.93
REW,ProShares UltraShort Technology,11.81,0.4136,up,3.63,-27.02
REZ,iShares Trust iShares Residential Real Estate ETF,69.52,0.56,up,0.81,23.91
RFDA,RiverFront Dynamic US Dividend Advantage ETF,30.7328,-0.3301,down,1.06,-1.77
RFFC,RiverFront Dynamic US Flex-Cap ETF,31.8294,-0.5159,down,1.59,-0.87
RFG,Invesco S&P Midcap 400 Pure Growth ETF,147.1196,-1.2704,down,0.86,-5.17
RFV,Invesco S&P Midcap 400 Pure Value ETF,65.88,-0.8551,down,1.28,0.25
RGI,Invesco S&P 500 Equal Weight Industrials Portfolio,115.57,-1.2952,down,1.11,-2.28
RHS,Invesco S&P 500 Equal Weight Consumer Staples ETF,122.4698,-0.4402,down,0.36,-5.26
RINF,ProShares Inflation Expectations ETF,27.3668,-0.1296,down,0.47,-4.75
RISE,Sit Rising Rate ETF,24.09,-0.035,down,0.15,-0.35
RJA,AB Svensk Ekportkredit (Swedish Export Credit Corporation),5.73,-0.04,down,0.69,-5.87
RJI,AB Svensk Ekportkredit (Swedish Export Credit Corporation),5.17,-0.05,down,0.96,-4.92
RJN,AB Svensk Ekportkredit (Swedish Export Credit Corporation),2.725,-0.0552,down,1.99,-2.8
RJZ,AB Svensk Ekportkredit (Swedish Export Credit Corporation),8.065,-0.015,down,0.19,-8.91
RNDV,First Trust US Equity Dividend Select ETF,21.03,-0.32,down,1.5,-0.65
RNEM,First Trust Emerging Markets Equity Select ETF,51.3252,-0.6548,down,1.26,-7.92
RNLC,First Trust Large Cap US Equity Select ETF,21.2001,-0.2683,down,1.25,-0.6
RNMC,First Trust Mid Cap US Equity Select ETF,20.9668,-0.1964,down,0.93,-0.2
RNSC,First Trust Small Cap US Equity Select ETF,20.7985,-0.1695,down,0.81,1.18
RODI,Barclays PLC,70,0,unch,0,0
ROM,ProShares Ultra Technology,94.9207,-3.2093,down,3.27,6.67
ROOF,IQ US Real Estate Small Cap ETF,25.1262,0.2562,up,1.03,5.03
RORE,Hartford Multifactor REIT ETF,15.72,0.15,up,0.96,12.18
ROUS,Hartford Multifactor U.S. Equity ETF,30.4,-0.3,down,0.98,-1.76
RPG,Invesco S&P 500 Pure Growth ETF,108.9,-1.05,down,0.95,1.08
RPUT,WisdomTree Trust,18.6455,-0.0193,down,0.1,-22.43
RPV,Invesco S&P 500 Pure Value ETF,62.62,-0.84,down,1.32,-3.82
RSP,Invesco S&P 500 Equal Weight ETF,100.74,-0.73,down,0.72,0.87
RTL,Pacer Benchmark Retail Real Estate SCTR ETF,28.2804,0.2977,up,1.06,14.44
RTM,Invesco S&P 500 Equal Weight Materials ETF,101.58,-0.9765,down,0.95,-6.7
RVNU,Xtrackers Municipal Infrastructure Revenue Bond ETF,26.335,0.065,up,0.25,-1.02
RVRS,ETF Series Solutions,15.8235,-0.1275,down,0.8,3.6
RWDC,Direxion MSCI Defensives Over Cyclicals ETF,50.6612,-0.3389,down,0.66,2.35
RWGV,Direxion Russell 1000 Growth Over Value ETF,52.4414,-0.6198,down,1.17,4.24
RWJ,Oppenheimer S&P SmallCap 600 Revenue ETF,65.53,-0.92,down,1.38,-1.41
RWK,Oppenheimer S&P MidCap 400 Revenue ETF,58.04,-0.54,down,0.92,-0.64
RWL,Oppenheimer S&P 500 Revenue ETF,50.63,-0.52,down,1.02,-0.51
RWLS,Direxion Russell Large Over Small Cap ETF,51.9499,-0.5154,down,0.98,4.62
RWM,ProShares Short Russell2000,41.8,0.34,up,0.82,-3.49
RWR,SPDR DJ Wilshire REIT ETF,97.03,0.98,up,1.02,13.53
RWSL,Direxion Russell Small Over Large Cap ETF,52.2306,-0.3749,down,0.71,4.23
RWVG,Direxion Russell 1000 Value Over Growth ETF,51.486,-0.3565,down,0.69,2.65
RWW,Oppenheimer S&P Financials Revenue ETF,62.8101,-0.8322,down,1.31,-7.66
RXD,ProShares UltraShort Health Care,23.3998,0.5338,up,2.33,-21.46
RXL,ProShares Ultra Health Care,99.6711,-2.4089,down,2.36,13.16
RYE,Invesco S&P 500 Equal Weight Energy ETF,48.24,-1.72,down,3.44,-10.98
RYF,Invesco S&P 500 Equal Weight Financial ETF,40.45,-0.02,down,0.05,-8.87
RYH,Invesco S&P 500 Equal Weight Health Care ETF,193.29,-1.7217,down,0.88,6.37
RYJ,Invesco Raymond James SB-1 Equity ETF,41.64,-0.5029,down,1.19,-2.34
RYT,Invesco S&P 500 Equal Weight Technology ETF,158.76,-2.69,down,1.67,8.98
RYU,Invesco S&P 500 Equal Weight Utilities ETF,92.16,1.16,up,1.27,14.73
RZG,Invesco S&P Smallcap 600 Pure Growth ETF,112.6833,-1.6549,down,1.45,1.3
RZV,Invesco S&P Smallcap 600 Pure Value ETF,67.04,-1.3112,down,1.92,-0.93
SAA,ProShares Ultra SmallCap600,94.5,-1.9318,down,2,1.68
SAGG,Direxion Daily Total Bond Market Bear 1X Shares,31.445,-0.025,down,0.08,-0.76
SBB,ProShares Short SmallCap600,33.4292,0.3193,up,0.96,-5.05
SBM,Short Basic Materials,19.7523,0.3673,up,1.89,6.8
SCAP,AdvisorShares Cornerstone Small Cap ETF,35.445,-0.3242,down,0.91,7.22
SCC,ProShares UltraShort Consumer Services,18.3887,0.2192,up,1.21,-18.88
SCHA,Schwab U.S. Small-Cap ETF,68.34,-0.56,down,0.81,0.51
SCHB,Schwab U.S. Broad Market ETF,65.21,-0.57,down,0.87,1.34
SCHD,Schwab US Dividend Equity ETF,50.18,-0.35,down,0.69,-0.41
SCHG,Schwab U.S. Large-Cap Growth ETF,75.37,-0.76,down,1,4.96
SCHH,Schwab U.S. REIT ETF,43.43,0.42,up,0.98,14.42
SCHK,Schwab 1000 Index ETF,26.64,-0.23,down,0.86,1.9
SCHM,Schwab U.S. Mid Cap ETF,53.82,-0.34,down,0.63,2.99
SCHO,Schwab Short-Term U.S. Treasury ETF,49.91,0.03,up,0.06,0.1
SCHP,Schwab U.S. TIPs ETF,53.84,0.05,up,0.09,-1.45
SCHR,Schwab Intermediate-Term U.S. Treasury ETF,53,0.08,up,0.15,0.99
SCHV,Schwab U.S. Large-Cap Value ETF,52.92,-0.43,down,0.81,-1.55
SCHX,Schwab U.S. Large-Cap ETF,64.69,-0.6,down,0.92,1.54
SCIU,Global X Scientific Beta US ETF,30.3796,-0.1318,down,0.43,-0.57
SCO,ProShares UltraShort Bloomberg Crude Oil,21.68,0.98,up,4.73,-5.26
SCTO,Global X JPMorgan US Sector Rotator Index ETF,22.955,-0.17,down,0.74,-11.9
SDAG,IQ Short Duration Enhanced Core Bond U.S. ETF,25.175,0.015,up,0.06,0.56
SDD,ProShares UltraShort SmallCap600,14.2775,0.2661,up,1.9,-12.98
SDOG,ALPS Sector Dividend Dogs ETF,42.27,-0.38,down,0.89,-5.97
SDOW,UltraPro Short Dow30,15.03,0.32,up,2.18,-21.34
SDP,ProShares UltraShort Utilities,20.7939,-0.4961,down,2.33,-29.32
SDS,ProShares UltraShort S&P500,36.67,0.7,up,1.95,-10.41
SDVY,First Trust SMID Cap Rising Dividend Achievers ETF,19.87,-0.0826,down,0.41,-2.95
SDY,SPDR S&P Dividend ETF,95.97,0.01,up,0.01,4.73
SDYL,ETRACS 2X Wells Fargo - BDCI,83.1636,-0.0548,down,0.07,4.44
SECT,Northern Lights Fund Trust IV,26.5402,-0.2298,down,0.86,-4.32
SEF,ProShares Short Financials,23.13,0.12,up,0.52,-0.56
SFHY,WisdomTree Trust,49.855,-0.2466,down,0.49,1.54
SFIG,WisdomTree Trust,49.535,0.01,up,0.02,0.5
SGDM,Sprott Gold Miners ETF,18.79,-0.21,down,1.11,-4.04
SH,ProShares Short S&P500,29.05,0.29,up,1.01,0
SHAG,WisdomTree Trust,49.245,0.03,up,0.06,-0.47
SHE,SPDR Series Trust SPDR SSGA Gender Diversity Index ETF,68.6056,-0.7577,down,1.09,-1.64
SHM,SPDR Nuveen Bloomberg Barclays Short Term Municipal Bond ETF,48.32,0.09,up,0.19,0.5
SHV,iShares Short Treasury Bond ETF,110.4,0.01,up,0.01,0.13
SHY,iShares 1-3 Year Treasury Bond ETF,83.68,0.06,up,0.07,0.04
SHYD,VanEck Vectors Short High-Yield Municipal Index ETF,24.375,0.075,up,0.31,0.5
SIJ,ProShares UltraShort Industrials,15.581,0.2731,up,1.78,-9.73
SIVR,Aberdeen Standard Physical Silver Shares ETF,15.3,0.08,up,0.53,-5.93
SIZ,AGFiQ U.S. Market Neutral Size Fund,19.149,0.0097,up,0.05,-1.75
SIZE,iShares Edge MSCI USA Size Factor ETF,84.85,-0.4842,down,0.57,2.78
SJB,ProShares Short High Yield,22.4,0.04,up,0.18,-4.28
SKF,ProShares UltraShort Financials,20.15,0.19,up,0.95,-3.9
SKOR,FlexShares Credit-Scored US Corporate Bond Index Fund,49.73,0.02,up,0.04,-0.46
SKYY,First Trust Cloud Computing ETF,54.15,-0.59,down,1.08,15.49
SLT,ETF Series Solutions,24.005,-0.6074,down,2.47,-2.3
SLV,iShares Silver Trust,14.77,0.09,up,0.61,-6.2
SLVO,Credit Suisse AG,6.98,-0.0506,down,0.72,-9.17
SLY,SPDR S&P 600 Small Cap ETF (based on S&P SmallCap 600 Index --,66.42,-0.66,down,0.98,2.99
SLYG,SPDR S&P 600 Small Cap Growth ETF (based on S&P SmallCap 600 G,58.94,-0.48,down,0.81,5.26
SLYV,SPDR S&P 600 Small Cap Value ETF (based on S&P SmallCap Value,60.57,-0.56,down,0.92,0.48
SMB,VanEck Vectors AMT-Free Short Municipal Index ETF,17.41,-0.02,down,0.11,0.69
SMDD,UltraPro Short MidCap400,9.5034,0.1437,up,1.54,-13.33
SMDV,ProShares Trust,57.61,0.15,up,0.26,10.08
SMH,VanEck Vectors Semiconductor ETF,99.12,-2.18,down,2.15,-0.58
SMHD,UBS AG,16.14,-0.3397,down,2.06,2.81
SMLF,iShares Edge MSCI Multifactor USA Small-Cap ETF,39.7,-0.22,down,0.55,3.34
SMLL,Direxion Daily Small Cap Bull 2X Shares,44.4869,-0.7346,down,1.62,-4.03
SMLV,SPDR SSGA US Small Cap Low Volatility Index ETF,90.98,0.0198,up,0.02,3.91
SMMD,iShares Trust,42.9546,-0.3011,down,0.7,0.84
SMMU,Short Term Municipal Bond Active Exchange-Traded Fund,49.945,-0.025,down,0.05,0.04
SMMV,iShares Trust,31.52,0,unch,0,11.65
SMN,ProShares UltraShort Basic Materials,31.27,1.13,up,3.75,13.31
SOXL,Direxion Daily Semiconductor Bull 3x Shares,114.3,-8.18,down,6.68,-18.35
SOXS,Direxion Daily Semiconductor Bear 3x Shares,8.37,0.51,up,6.49,-43.62
SOXX,iShares PHLX SOX Semiconductor Sector Index Fund,177.26,-3.93,down,2.17,2.73
SOYB,Teucrium Soybean Fund ETV,16.54,-0.125,down,0.75,-9.03
SPAB,SPDR Portfolio Aggregate Bond ETF,28.08,0.03,up,0.11,-0.53
SPDN,Direxion Daily S&P 500 Bear 1X Shares,29.53,0.28,up,0.96,-3.37
SPDV,AAM S&P 500 High Dividend Value ETF,25.3,-0.1712,down,0.67,-2.64
SPHB,Invesco S&P 500 High Beta ETF,39.6905,-0.7695,down,1.9,-5.27
SPHD,Invesco S&P 500 High Dividend Low Volatility ETF,41.21,-0.25,down,0.6,2.75
SPHQ,Invesco S&P 500 Quality ETF,30.05,-0.32,down,1.05,-0.43
SPIB,SPDR Portfolio Intermediate Term Corporate Bond ETF,33.55,-0.03,down,0.09,-0.65
SPLB,SPDR Portfolio Long Term Corporate Bond ETF,26.15,-0.04,down,0.15,-5.04
SPLG,SPDR Series Trust SPDR Portfolio Large Cap ETF,31.78,-0.29,down,0.9,1.78
SPLV,Invesco S&P 500 Low Volatility ETF,50.16,0.14,up,0.28,8.06
SPMD,SPDR Portfolio Mid Cap ETF,32.78,-0.19,down,0.58,0.73
SPMO,Invesco S&P 500 Momentum ETF,36.9,-0.4052,down,1.09,5.68
SPMV,Invesco Exchange-Traded Fund Trust II,27.035,-0.16,down,0.59,-4.01
SPPP,Sprott Physical Platinum and Palladium Trust,10.47,-0.0698,down,0.66,15.82
SPSM,SPDR Portfolio Small Cap ETF,29.65,-0.29,down,0.97,1.29
SPTL,SPDR Portfolio Long Term Treasury ETF,35.09,0.24,up,0.69,0.78
SPTM,SPDR Portfolio Total Stock Market ETF,33.72,-0.3,down,0.88,2.04
SPTS,SPDR Portfolio Short Term Treasury ETF,29.615,0.025,up,0.08,-0.29
SPUU,Direxion Daily S&P 500 Bull 2X Shares,47.7134,-0.984,down,2.02,-3.07
SPVM,Invesco Exchange-Traded Fund Trust II,26.9072,-0.1298,down,0.48,-4.72
SPVU,Invesco S&P 500 Enhanced Value ETF,33.6499,-0.4167,down,1.22,-2.21
SPXB,ProShares S&P 500 Bond ETF,80.895,-0.1199,down,0.15,1.03
SPXE,ProShares S&P 500 Ex-Energy ETF,56.9749,-0.5456,down,0.95,2.48
SPXL,Direxion Daily S&P 500 Bull 3X Shares,40.82,-1.23,down,2.93,-5.91
SPXN,ProShares S&P 500 Ex-Financials ETF,55.6423,-0.5868,down,1.04,3.31
SPXS,Direxion Daily S&P 500 Bear 3X,24.22,0.69,up,2.93,-18.3
SPXT,ProShares S&P 500 Ex-Technology ETF,51.6259,-0.4654,down,0.89,2.36
SPXU,ProShares UltraPro Short S&P500,36.56,1.07,up,3.01,-18.82
SPXV,ProShares S&P 500 Ex-Health Care ETF,55.9918,-0.5432,down,0.96,2.15
SPY,SPDR S&P 500,270.14,-2.6,down,0.95,1.34
SPYB,SPDR S&P 500 Buyback ETF,63.2569,-0.388,down,0.61,0.62
SPYD,SPDR Series Trust SPDR Portfolio S&P 500 High Dividend ETF,36.86,-0.05,down,0.14,2.36
SPYG,SPDR Series Trust SPDR Portfolio S&P 500 Growth ETF,34.96,-0.33,down,0.94,4.19
SPYV,SPDR Series Trust SPDR Portfolio S&P 500 Value ETF,29.5,-0.27,down,0.91,-1.88
SPYX,SPDR S&P 500 Fossil Fuel Reserves Free ETF,65.78,-0.5949,down,0.9,1.48
SQLV,Legg Mason Small-Cap Quality Value ETF,26.8442,-0.3258,down,1.2,4.02
SQQQ,ProShares UltraPro Short QQQ,12.5,0.49,up,4.08,-35.57
SRS,ProShares UltraShort Real Estate,24.44,-0.39,down,1.57,-28.17
SRTY,ProShares UltraPro Short Russell2000,27.88,0.65,up,2.39,-19.17
SRVR,Pacer Benchmark Data & Infrastructure Real Estate SCTR ETF,26.0047,0.0234,up,0.09,5.27
SSG,ProShares UltraShort Semiconductors,16.1412,0.7906,up,5.15,-21.36
SSO,ProShares Ultra S&P500,107.59,-2.07,down,1.89,-0.75
STIP,iShares 0-5 Year TIPS Bond ETF,98.675,0.045,up,0.05,-0.93
STOT,SSGA Active Trust,48.96,0.05,up,0.1,-0.55
STPP,Barclays PLC,29.3,-0.57,down,1.91,-5.86
STPZ,PIMCO 1-5 Year U.S. TIPS Index Exchange-Traded Fund,51.17,-0.01,down,0.02,-1.02
SUB,iShares Short-Term National Muni Bond ETF,105.58,0.06,up,0.06,0.69
SUSA,iShares MSCI USA ESG Select ETF,111.9102,-1.0323,down,0.91,1.41
SUSB,iShares ESG 1-5 Year USD Corporate Bond ETF,24.7112,-0.0188,down,0.08,-0.32
SUSC,iShares ESG USD Corporate Bond ETF,24.33,-0.055,down,0.23,-2.09
SVXY,ProShares Short VIX Short Term Futures ETF,48.75,-0.8,down,1.61,1.21
SWAN,Amplify ETF Trust Amplify BlackSwan Growth & Treasury Core ETF,25.2748,-0.0552,down,0.22,1.06
SYE,SPDR MFS Systematic Core Equity ETF,77.6992,-0.572,down,0.73,5.39
SYG,SPDR MFS Systematic Growth Equity ETF,78.72,-0.8013,down,1.01,-1.49
ACES,ALPS ETF Trust,25.7438,-0.1489,down,0.58,2.7
ACSI,ETF Series Solutions,31.6599,0.0477,up,0.15,3.91
ACT,AdvisorShares Vice ETF,23.5,-0.14,down,0.59,-7.04
AGF,PowerShares DB Gold Fund,8.7,0,unch,0,-10.68
AGG,iShares Core U.S. Aggregate Bond ETF,107.1,0.05,up,0.05,-0.25
AGGE,IQ Enhanced Core Bond U.S. ETF,18.665,0.02,up,0.11,-2.36
AGGP,IQ Enhanced Core Plus Bond U.S. ETF,18.98,-0.015,down,0.08,-2.74
AGGY,WisdomTree Yield Enhanced U.S. Aggregate Bond Fund,48.96,0.0508,up,0.1,-1.55
AGND,WisdomTree Barclays Negative Duration U.S. Aggregate Bond Fund,42.709,-0.241,down,0.56,-3.18
AGQ,ProShares Ultra Silver,27,0.21,up,0.78,-17.03
AGZ,iShares  Agency Bond ETF,112.18,0.24,up,0.21,0.19
AGZD,WisdomTree Interest Rate Hedged U.S. Aggregate Bond Fund,47.56,-0.01,down,0.02,-1.31
AIEQ,AI Powered Equity ETF,24.8,-0.29,down,1.16,-4.85
AIRR,First Trust RBA American Industrial Renaissance ETF,23.93,-0.53,down,2.17,-6.03
ALFA,ETF Series Solutions,46.44,-0.4659,down,0.99,5.63
AMCA,iShares Russell 1000 Pure U.S. Revenue ETF,26.83,-0.17,down,0.63,2.51
AMJ,J P Morgan Chase & Co,24.56,-0.56,down,2.23,-12.01
AMJL,Credit Suisse AG,13.8625,-0.798,down,5.44,-29.21
AMLP,Alerian MLP ETF,9.7,-0.21,down,2.12,-11.75
AMU,ETRACS 2X Wells Fargo - BDCI,15.46,-0.37,down,2.34,-11.51
AMUB,UBS AG,15.48,-0.3592,down,2.27,-8.44
AMZA,InfraCap MLP ETF,5.75,-0.16,down,2.71,-30.63
ATMP,Barclays PLC,19.5924,-0.3876,down,1.94,-6.02
AUSF,Global X Funds Global X Adaptive U.S. Factor ETF,23.8354,-0.3111,down,1.29,-3.55
AWTM,Aware Ultra-Short Duration Enhanced Income ETF,50.145,0.005,up,0.01,0.2
BAB,Invesco Taxable Municipal Bond ETF,29.7604,0.0604,up,0.2,-0.57
BAR,Graniteshares Gold Trust,130.68,0.38,up,0.29,-1.44
BBC,Virtus LifeSci Biotech Clinical Trials ETF,25.0866,-0.7246,down,2.81,-18.68
BBCA,J.P. Morgan Exchange-Traded Fund Trust,23.44,-0.12,down,0.51,-4.65
BBH,VanEck Vectors Biotech ETF,124.12,-2.62,down,2.07,2.27
BBP,Virtus LifeSci Biotech Products ETF,40.3701,-0.7938,down,1.93,-1.8
BBRE,J.P. Morgan Exchange-Traded Fund Trust,81.5339,0.7814,up,0.97,7.22
BCD,Aberdeen Standard Bloomberg All Commodity Longer Dated Strateg,24.2517,-0.1922,down,0.79,-6.84
BCI,Aberdeen Standard Bloomberg All Commodity Strategy K-1 Free ET,22.36,-0.2,down,0.89,-8.22
BCM,Barclays PLC,27.3496,-0.2188,down,0.79,-6.56
BDCL,ETRACS 2X Wells Fargo - BDCI,13.58,-0.29,down,2.09,-1.56
BDCS,ETRACS 2X Wells Fargo - BDCI,19.34,-0.195,down,1,1.22
BDCZ,UBS AG,19.3121,-0.2033,down,1.04,-4.08
BDD,PowerShares DB Gold Fund,7.25,0,unch,0,-30.36
BEF,Aberdeen Standard Bloomberg Energy Commodity Longer Dated Stra,23.8486,-0.4231,down,1.74,-5.78
BEMO,ETF Series Solutions,28.345,0.0595,up,0.21,-9.81
BERN,Exchange Traded Concepts Trust,26.9358,-0.3768,down,1.38,1.75
BFIT,Global X Health & Wellness Thematic ETF,18.8599,-0.1851,down,0.97,14.52
BFOR,Barron's 400,39.4148,-0.3752,down,0.94,-3.75
BIB,ProShares Ultra Nasdaq Biotechnology,51.42,-2.65,down,4.9,-7.38
BIL,SPDR Bloomberg Barclays 1-3 Month T-Bill ETF,91.48,0,unch,0,0.04
BIS,ProShares UltraShort Nasdaq Biotechnology,18.48,0.89,up,5.06,-14.65
BIV,Vanguard Intermediate-Term Bond ETF,82.26,0.12,up,0.15,0.21
BIZD,VanEck Vectors BDC Income ETF,15.94,-0.2,down,1.24,1.48
BJAN,Innovator ETFs Trust,26.7862,-0.1962,down,0.73,6.89
BJK,VanEck Vectors Gaming ETF,37.475,-0.675,down,1.77,-19.26
BJUL,Innovator ETFs Trust,24.7384,-0.1214,down,0.49,-3
BKLN,Invesco Senior Loan ETF,22.58,-0.05,down,0.22,-2.37
BLV,Vanguard Long-Term Bond ETF,88.89,0.22,up,0.25,-2.52
BMLP,Bank Of Montreal,46.77,0,unch,0,-6.78
BND,Vanguard Total Bond Market ETF,79.8,0.06,up,0.08,-0.34
BNDC,FlexShares Core Select Bond Fund,24.2601,-0.0399,down,0.16,-1.7
BNO,"United States Brent Oil Fund, LP ETV",17.45,-0.27,down,1.52,-3.17
BOIL,ProShares Ultra Bloomberg Natural Gas,19.86,-1.7,down,7.88,-25.53
BOM,PowerShares DB Gold Fund,9.12,-1.38,down,13.14,58.13
BOS,PowerShares DB Gold Fund,19.65,0,unch,0,10.27
BOSS,Global X Funds,18.7501,-0.1999,down,1.05,7.18
BSCJ,Invesco BulletShares 2019 Corporate Bond ETF,21.07,0,unch,0,0.05
BSCK,Invesco BulletShares 2020 Corporate Bond ETF,21.16,0,unch,0,-0.05
BSCL,Invesco BulletShares 2021 Corporate Bond ETF,20.91,0.01,up,0.05,-0.24
BSCM,Invesco BulletShares 2022 Corporate Bond ETF,20.89,0,unch,0,0
BSCN,Invesco BulletShares 2023 Corporate Bond ETF,20.54,0.035,up,0.17,-0.32
BSCO,Invesco BulletShares 2024 Corporate Bond ETF,20.37,-0.01,down,0.05,-0.88
BSCP,Invesco BulletShares 2025 Corporate Bond ETF,20.2,0.01,up,0.05,-0.35
BSCQ,Invesco BulletShares 2026 Corporate Bond ETF,19.09,0.01,up,0.05,-0.63
BSCR,Invesco BulletShares 2027 Corporate Bond ETF,19.36,0.01,up,0.05,-1.17
BSJJ,Invesco BulletShares 2019 High Yield Corporate Bond ETF,23.97,-0.02,down,0.08,-1.03
BSJK,Invesco BulletShares 2020 High Yield Corporate Bond ETF,24.05,0.01,up,0.04,-1.23
BSJL,Invesco BulletShares 2021 High Yield Corporate Bond ETF,24.56,0.02,up,0.08,-0.65
BSJM,Invesco BulletShares 2022 High Yield Corporate Bond ETF,24.26,-0.1,down,0.41,-1.42
BSJN,Invesco BulletShares 2023 High Yield Corporate Bond ETF,25.77,-0.07,down,0.27,-0.92
BSJO,Invesco BulletShares 2024 High Yield Corporate Bond ETF,24.58,-0.0498,down,0.2,-2.53
BSJP,Invesco BulletShares 2025 High Yield Corporate Bond ETF,23.75,-0.1048,down,0.44,-2.71
BTAL,AGFiQ U.S. Market Neutral Anti-Beta Fund,21.325,0.1276,up,0.6,13.13
BTEC,Principal Healthcare Innovators Index ETF,32.346,-0.694,down,2.1,1.57
BUY,USCF SummerHaven SHPEI Index Fund,20.81,-0.27,down,1.28,-12.78
BUYN,USCF SummerHaven SHPEN Index Fund,18.785,-0.5008,down,2.6,-22.62
BUZ,Buzz US Sentiment Leaders ETF,34.4482,-0.514,down,1.47,5.65
BVAL,Brand Value ETF,15.1641,-0.143,down,0.93,-3.16
BVNSC,Brandes Investment Trust,100.04,0,unch,0,0
CACG,ClearBridge All Cap Growth ETF,29.19,-0.5,down,1.68,3.81
CALF,Pacer Funds,25.41,-0.325,down,1.26,2.98
CANE,Teucrium Sugar Fund ETV,7.49,-0.055,down,0.73,-17.9
CAPE,Barclays PLC,123.0769,-1.1383,down,0.92,5.09
CARZ,First Trust NASDAQ Global Auto Index Fund,33.145,-0.8373,down,2.46,-20.71
CATH,Global X S&P 500 Catholic Values ETF,33.08,-0.29,down,0.87,0.63
CCOR,Cambria Core Equity ETF,26.345,0.0596,up,0.23,4.6
CDC,VictoryShares US EQ Income Enhanced Volatility Wtd ETF,43.26,-0.064,down,0.15,-4.69
CDL,VictoryShares US Large Cap High Div Volatility Wtd ETF,44.6202,-0.0398,down,0.09,1.45
CEFL,ETRACS 2X Wells Fargo - BDCI,13.73,-0.1884,down,1.35,-16.04
CEFS,Exchange Listed Funds Trust,19.255,-0.095,down,0.49,-7.68
CEZ,VictoryShares Emerging Market Volatility Wtd ETF,25.8,-0.13,down,0.5,-14.48
CFA,VictoryShares US 500 Volatility Wtd ETF,48.4212,-0.2038,down,0.42,-0.22
CFO,VictoryShares US 500 Enhanced Volatility Wtd ETF,45.2,-0.16,down,0.35,-6.9
CHEP,AGFiQ U.S. Market Neutral Value Fund,21.915,-0.08,down,0.36,-16.05
CHGX,Change Finance U.S. Large Cap Fossil Fuel Free ETF,19.5548,-0.1382,down,0.7,5.46
CIBR,First Trust NASDAQ Cybersecurity ETF,26.55,-0.35,down,1.3,14.81
CJNK,SPDR ICE BofAML Crossover Corporate Bond ETF,25.435,-0.0076,down,0.03,-2.45
CLIX,ProShares Long Online/Short Stores ETF,47.5452,-0.5206,down,1.08,6.73
CLRG,IQ Chaikin U.S. Large Cap ETF,23.64,-0.2,down,0.84,-4.06
CLTL,Invesco Treasury Collateral ETF,105.55,0.025,up,0.02,0.06
CMBS,iShares CMBS Bond ETF,50.71,0.13,up,0.26,0.38
CMF,iShares California Muni Bond ETF,58.62,0.21,up,0.36,0.03
COM,Direxion Auspice Broad Commodity Strategy ETF,24.264,0.0057,up,0.02,-0.7
COMB,GraniteShares Bloomberg Commodity Broad Strategy No K-1 ETF,23.9355,-0.2245,down,0.93,-7.87
COMG,GraniteShares S&P GSCI Commodity Broad Strategy No K-1 ETF,20.99,-0.295,down,1.39,-24.55
COMT,iShares Commodities Select Strategy ETF,32.17,-0.35,down,1.08,-11.41
CORN,Teucrium Corn Fund ETV,16.17,-0.1413,down,0.87,-5.12
COWZ,Pacer Funds,28.84,-0.53,down,1.8,0.93
CPER,United States Copper Index Fund ETV,17.717,0.0392,up,0.22,-13.59
CPI,IQ Real Return ETF,27.23,-0.0624,down,0.23,-0.62
CRUSC,Calvert Management Series,99.98,0,unch,0,0
CSA,VictoryShares US Small Cap Volatility Wtd ETF,44.77,-0.08,down,0.18,2.09
CSB,VictoryShares US Small Cap High Div Volatility Wtd ETF,43.6534,-0.1001,down,0.23,3.36
CSF,VictoryShares US Discovery Enhanced Volatility Wtd ETF,40.66,-0.03,down,0.07,-6.89
CSM,ProShares Trust,66.03,-0.71,down,1.06,-0.15
CSML,IQ Chaikin U.S. Small Cap ETF,25.2332,-0.1968,down,0.77,-6.61
CUMB,Virtus Cumberland Municipal Bond ETF,24.93,0.045,up,0.18,-0.34
CURE,Direxion Daily Healthcare Bull 3X Shares,52.46,-1.73,down,3.19,12.94
CWAI,StrongVest ETF Trust,24.86,-0.105,down,0.42,-0.34
CWS,AdvisorShares Focused Equity ETF,31.035,-0.205,down,0.66,3.17
CZA,Invesco Zacks Mid-Cap ETF,65.25,-0.2299,down,0.35,0.91
DAG,PowerShares DB Gold Fund,2.235,-0.01,down,0.45,-24.41
DAUD,Citigroup Global Markets Holdings Inc,29.8362,0.2616,up,0.88,40.43
DBA,Invesco DB Agriculture Fund,16.95,-0.16,down,0.94,-9.85
DBB,Invesco DB Base Metals Fund,16.36,-0.01,down,0.06,-15.44
DBC,Invesco DB Commodity Index Tracking Fund,15.47,-0.15,down,0.96,-6.63
DBE,Invesco DB Energy Fund,13.6507,-0.2093,down,1.51,-5.78
DBLV,AdvisorShares DoubleLine Value Equity ETF,63.2504,-0.4756,down,0.75,-9.06
DBO,Invesco DB Oil Fund,9.75,-0.18,down,1.81,-7.37
DBP,Invesco DB Precious Metals Fund,37,0.05,up,0.14,-4.69
DBS,Invesco DB Silver Fund,23.3937,0.0911,up,0.39,-8.77
DCHF,Citigroup Global Markets Holdings Inc,28.2832,0.0594,up,0.21,39.84
DDG,ProShares Short Oil & Gas,24.875,0.56,up,2.3,1.82
DDM,ProShares Ultra Dow30,43.77,-0.7,down,1.57,0.26
DDP,PowerShares DB Gold Fund,46.01,0,unch,0,3.39
DES,WisdomTree U.S. SmallCap Dividend Fund,27.32,-0.16,down,0.58,0.15
DESC,Xtrackers Russell 2000 Comprehensive Factor ETF,32.7891,-0.2159,down,0.65,0.23
DEUR,Citigroup Global Markets Holdings Inc,30.5647,0.2892,up,0.96,48.77
DEUS,Xtrackers Russell 1000 Comprehensive Factor ETF,31.41,-0.1,down,0.32,-0.72
DFEN,Direxion Daily Aerospace & Defense Bull 3X Shares,45.05,-0.81,down,1.77,-0.67
DFND,Reality Shares ETF Trust,27.8161,-0.0502,down,0.18,1.6
DFNL,Davis Select Financial ETF,21.98,-0.18,down,0.81,-8.35
DFVL,Barclays PLC,60.34,0,unch,0,-1.93
DFVS,Barclays PLC,32.8635,-0.4165,down,1.25,-1.8
DGAZ,Credit Suisse AG,121.53,12.61,up,11.58,-79.72
DGBP,Citigroup Global Markets Holdings Inc,27.8821,-0.0977,down,0.35,32.86
DGL,Invesco DB Gold Fund,40.2997,0.0897,up,0.22,-4.01
DGP,PowerShares DB Gold Fund,25.12,-0.0152,down,0.06,-1.74
DGRO,iShares Core Dividend Growth ETF,35.42,-0.24,down,0.67,2.53
DGRS,WisdomTree U.S. SmallCap Quality Dividend Growth Fund,34.75,-0.2,down,0.57,2.34
DGRW,WisdomTree U.S. Quality Dividend Growth Fund,40.95,-0.4,down,0.97,0.1
DGZ,PowerShares DB Gold Fund,14.068,-0.092,down,0.65,5.44
DHS,WisdomTree U.S. High Dividend Fund,70.27,-0.35,down,0.5,1.38
DHVW,Diamond Hill Valuation-Weighted 500 ETF,31.3,-0.2976,down,0.94,-0.35
DIA,SPDR Dow Jones Industrial Average ETF,251.9,-1.97,down,0.78,1.97
DIG,ProShares Ultra Oil & Gas,28.16,-1.32,down,4.48,-19.21
DIV,Global X Super Dividend ETF,23.7,0,unch,0,-1.25
DIVA,AGFiQ Hedged Dividend Income Fund,24.43,0.01,up,0.04,0.74
DIVB,iShares Trust,25.7053,-0.2547,down,0.98,-0.15
DIVC,Citigroup Inc.,34.7172,-0.2328,down,0.67,-5.71
DIVO,Amplify YieldShares CWP Dividend & Option Income ETF,28.1723,-0.2332,down,0.82,-1.73
DIVY,Realty Shares DIVS ETF,26.08,-0.14,down,0.53,-0.98
DJCI,ETRACS 2X Wells Fargo - BDCI,14.8,-0.1453,down,0.97,-7.35
DJD,Invesco Dow Jones Industrial Average Dividend ETF,35,-0.32,down,0.91,4.96
DJP,Barclays PLC,22.28,-0.24,down,1.07,-8.16
DJPY,Citigroup Global Markets Holdings Inc,23.3384,-0.0529,down,0.23,8.34
DLBR,Citigroup Global Markets Holdings Inc VelocityShares Short LIB,19.345,0.285,up,1.5,-2.56
DLBS,Barclays PLC,17.75,-0.42,down,2.31,-9.15
DLN,WisdomTree U.S. LargeCap Dividend Fund,90.52,-0.62,down,0.68,0.35
DMRI,DeltaShares S&P International Managed Risk ETF,46.98,-0.68,down,1.43,-9.36
DMRL,DeltaShares S&P 500 Managed Risk ETF,53.413,-0.167,down,0.31,0.37
DMRM,DeltaShares S&P 400 Managed Risk ETF,50.7741,-0.0409,down,0.08,-8.29
DMRS,DeltaShares S&P 600 Managed Risk ETF,52.6251,-0.2599,down,0.49,0.87
DOD,PowerShares DB Treasury,23.96,-0.585,down,2.38,11.49
DOG,ProShares Short Dow30,56.8,0.45,up,0.8,-4.62
DON,WisdomTree U.S. MidCap Dividend Fund,35.13,-0.22,down,0.62,3.51
DPST,Direxion Daily Regional Banks Bull 3X Shares,49.34,2.0135,up,4.25,-39.26
DQML,Reality Shares Fundstrat DQM Long ETF,24.531,-0.2542,down,1.03,1.41
DRIP,Direxion Daily S&P Oil & Gas Exp. & Prod. Bear 3X Shares,12.82,1.53,up,13.55,-19.07
DRN,Direxion Daily Real Estate Bull 3x Shares,23.61,0.59,up,2.56,39.43
DRV,Drexion Daily Real Estate Bear 3x Shares,7.55,-0.23,down,2.96,-44.76
DSTL,Distillate U.S. Fundamental Stability & Value ETF,24.9518,-0.2832,down,1.12,2.96
DTD,WisdomTree U.S. Total Dividend Fund,91.37,-0.57,down,0.62,1.1
DTN,WisdomTree U.S. Dividend ex-Financials Fund,82.94,-0.9201,down,1.1,-3.64
DTO,PowerShares DB Gold Fund,69.6632,3.491,up,5.28,-16.61
DTUL,Barclays PLC,55.0347,0,unch,0,0.56
DTUS,Barclays PLC,34.7,-2.94,down,7.81,3.12
DTYL,Barclays PLC,77.17,0,unch,0,6.57
DTYS,Barclays PLC,19.18,-0.59,down,2.98,-9.52
DUG,ProShares UltraShort Oil & Gas,40.74,1.73,up,4.43,-0.18
DURA,VanEck Vectors Morningstar Durable Dividend ETF,25.6581,-0.1898,down,0.73,1.72
DUSA,Davis Select U.S. Equity ETF,21.85,-0.38,down,1.71,-5.88
DUSL,Direxion Daily Industrials Bull 3X Shares,28.1988,-0.5902,down,2.05,-19.89
DVP,Deep Value ETF,32.22,-0.35,down,1.07,-3.09
DVY,iShares Select Dividend ETF,95.47,-0.17,down,0.18,-0.08
DVYL,ETRACS 2X Wells Fargo - BDCI,64.3672,-0.2065,down,0.32,-5.02
DWAQ,Invesco DWA NASDAQ Momentum ETF,101.1161,-0.8939,down,0.88,-3.04
DWAS,Invesco DWA SmallCap Momentum ETF,48.0935,-0.3765,down,0.78,-0.51
DWFI,SPDR Dorsey Wright Fixed Income Allocation ETF,22.77,-0.02,down,0.09,-9.35
DWMC,AdvisorShares Dorsey Wright Micro-Cap ETF,20.9562,-0.3338,down,1.57,-13.77
DWPP,First Trust Dorsey Wright People's Portfolio ETF,28.57,-0.31,down,1.07,0.7
DWSH,AdvisorShares Dorsey Wright Short ETF,25.87,0.64,up,2.54,0.8
DWT,VelocityShares 3x Inverse Crude Oil ETNs linked to the S&P GSC,9.96,0.69,up,7.44,-20.57
DWTR,Invesco DWA Tactical Sector Rotation ETF,27.68,-0.013,down,0.05,-2.18
DXD,ProShares UltraShort Dow30,30.2276,0.4876,up,1.64,-12.53
DYB,WisdomTree Trust,23.9919,0.173,up,0.73,-7.67
DYLS,WisdomTree Trust,28.87,-0.27,down,0.93,-9.87
DYY,PowerShares DB Gold Fund,2.14,0,unch,0,-38.86
DZZ,PowerShares DB Gold Fund,5.5725,-0.0475,down,0.85,7.46
EAGG,iShares ESG U.S. Aggregate Bond ETF,51.3378,0.0728,up,0.14,2.37
EDOW,First Trust Dow 30 Equal Weight ETF,22.7538,-0.1896,down,0.83,5.37
EDV,Vanguard Extended Duration Treasury ETF,114.07,1.1,up,0.97,0.6
EEH,AB Svensk Ekportkredit (Swedish Export Credit Corporation),19.4345,-0.1355,down,0.69,-5.6
EES,WisdomTree U.S. SmallCap Earnings Fund,35.93,-0.44,down,1.21,3.06
EMLP,First Trust North American Energy Infrastructure Fund,23.41,-0.09,down,0.38,-0.13
EMTY,ProShares Decline of the Retail Store ETF,34.5442,0.2432,up,0.71,-1.44
ENFR,Alerian Energy Infrastructure ETF,20.9392,-0.3659,down,1.72,-3.86
ENTR,ERShares Entrepreneur 30 ETF,16.1014,-0.2561,down,1.57,1.49
ENY,Invesco Canadian Energy Income ETF,6.445,-0.2018,down,3.04,-14.74
EPRF,Elkhorn ETF Trust,22.63,-0.14,down,0.61,-0.44
EPS,WisdomTree U.S. Earnings 500 Fund,30.71,-0.2984,down,0.96,-0.13
EQAL,Invesco Russell 1000 Equal Weight ETF,30.91,-0.36,down,1.15,1.99
EQL,ALPS Equal Sector Weight ETF,69.0251,-0.5173,down,0.74,1.56
EQLT,Workplace Equality Portfolio ETF,35.4776,-0.3165,down,0.88,-1.54
EQRR,ProShares Equities for Rising Rates ETF,41.5626,-0.7274,down,1.72,-8.28
EQWL,Invesco Russell Top 200 Equal Weight ETF,52.7058,-0.5392,down,1.01,0.96
EQWM,Invesco Russell Midcap Equal Weight ETF,47.4514,-0.5949,down,1.24,2.87
EQWS,Invesco Russell 2000 Equal Weight ETF,40.65,-0.545,down,1.32,-1.21
ERM,EquityCompass Risk Manager ETF,19.94,-0.105,down,0.52,-9.3
ERX,Direxion Energy Bull 3X Shares,19.92,-1.39,down,6.52,-31.26
ERY,Direxion Daily Energy Bear 3X Shares,47.14,2.94,up,6.65,-7.72
ESG,FlexShares STOXX US ESG Impact Index Fund,63.9,-0.72,down,1.11,1.64
ESGL,Oppenheimer Revenue Weighted ETF Trust Oppenheimer ESG Revenue,30.3669,-0.3395,down,1.11,1.14
ESGS,Columbia Sustainable U.S. Equity Income ETF,26.6866,-0.1285,down,0.48,-9.13
ESGU,iShares ESG MSCI USA ETF,59.32,-0.5799,down,0.97,3.72
ESGV,Vanguard World Funds,46.8198,-0.4202,down,0.89,-6.44
ESML,iShares Trust,25.6163,-0.1928,down,0.75,0.55
ETHO,Etho Climate Leadership U.S. ETF,35.4969,-0.2287,down,0.64,0
EUSA,iShares MSCI USA Equal Weighted ETF,55.2737,-0.3972,down,0.71,0.54
EVLMC,Eaton Vance NextShares Trust II,99.96,0,unch,0,-0.01
EVSTC,Eaton Vance NextShares Trust,100.02,0,unch,0,0.04
EVX,VanEck Vectors Environmental Services ETF,93.57,-0.3157,down,0.34,11.75
EWC,iShares MSCI Canada Index Fund,27.01,-0.19,down,0.7,-3.78
EWCO,Invesco S&P 500 Equal Weight Communication Services ETF,23.7103,-0.2021,down,0.85,-5.23
EWMC,Invesco S&P MidCap 400 Equal Weight ETF,62.6095,-0.4828,down,0.77,0.54
EWRE,Invesco S&P 500 Equal Weight Real Estate ETF,29.04,0.2162,up,0.75,13.82
EWSC,Invesco S&P SmallCap 600 Equal Weight ETF,53.774,-0.6568,down,1.21,2.72
EWW,iShares Inc iShares MSCI Mexico ETF,45,-0.23,down,0.51,-13.09
EXT,WisdomTree U.S. Total Earnings Fund,31.1297,-0.3614,down,1.15,-1.01
EZM,WisdomTree U.S. MidCap Earnings Fund,38.81,-0.28,down,0.72,0.39
FAAR,First Trust Alternative Absolute Return Strategy ETF,26.7399,0.0399,up,0.15,-9.37
FAB,First Trust Multi Cap Value AlphaDEX Fund,53.2619,-0.3991,down,0.74,-2.95
FAD,First Trust Multi Cap Growth AlphaDEX Fund,68.07,-0.39,down,0.57,3.35
FALN,iShares Fallen Angels USD Bond ETF,25.6999,-0.0453,down,0.18,-4.75
FAS,Direxion Financial Bull 3X Shares,58.24,-0.96,down,1.62,-12.93
FAZ,Direxion Financial Bear 3X Shares,10.25,0.19,up,1.89,-12.14
FBGX,ETRACS 2X Wells Fargo - BDCI,226.2417,-4.6288,down,2,-1
FBND,Fidelity Total Bond ETF,49.29,0.04,up,0.08,-0.38
FCAL,First Trust California Municipal High income ETF,50.215,0.0804,up,0.16,-0.53
FCAN,First Trust Canada AlphaDEX Fund,22.91,-0.36,down,1.55,-7.03
FCEF,First Trust CEF Income Opportunity ETF,20.86,-0.13,down,0.62,-2.05
FCG,First Trust Natural Gas ETF,15.93,-0.72,down,4.32,-22.63
FCOM,Fidelity MSCI Communication Services Index ETF,31.04,-0.28,down,0.89,5.42
FCOR,Fidelity Corporate Bond ETF,48.7876,0.0176,up,0.04,-2.34
FCTR,First Trust Exchange-Traded Fund,19.6443,-0.1223,down,0.62,-2.75
FDIS,Fidelity MSCI Consumer Discretionary Index ETF,41.71,-0.39,down,0.93,2.73
FDL,First Trust Morningstar ETF,28.55,-0.11,down,0.38,-0.69
FDLO,Fidelity Low Volatility Factor ETF,32.365,-0.2059,down,0.63,7.14
FDM,First Trust DJ Select MicroCap ETF,45.21,-0.2302,down,0.51,-0.36
FDMO,Fidelity Momentum Factor ETF,32.19,-0.33,down,1.01,2.39
FDN,First Trust DJ Internet Index Fund,133.16,-2.37,down,1.75,14.78
FDRR,Fidelity Dividend ETF for Rising Rates,30.7,-0.26,down,0.84,1.57
FDVV,Fidelity High Dividend ETF,29.35,-0.21,down,0.71,3.03
FENY,Fidelity MSCI Energy Index ETF,17.25,-0.41,down,2.32,-8.64
FEX,First Trust Large Cap Core AlphaDEX Fund,57.38,-0.29,down,0.5,-1.99
FFHG,Northern Lights Fund Trust IV,26.6489,-0.2149,down,0.8,-2.26
FFIU,Fieldstone UVA Unconstrained Medium-Term Fixed Income ETF,24.53,0.02,up,0.08,-0.77
FHLC,Fidelity MSCI Health Care Index ETF,43.42,-0.49,down,1.12,7.62
FIBR,iShares U.S. ETF Trust,97.555,-0.115,down,0.12,-0.63
FID,First Trust S&P International Dividend Aristocrats ETF,16.4612,-0.4435,down,2.62,-9.11
FIDU,Fidelity MSCI Industrials Index ETF,37.03,-0.3,down,0.8,-3.14
FINU,ProShares UltraPro Financial Select Sector,71.6401,-2.4042,down,3.25,-31.46
FINZ,ProShares UltraPro Short Financial Select Sector,8.22,0.25,up,3.14,4.18
FLAG,Exchange Traded Concepts Trust FLAG-Forensic Accounting Long-S,39.4993,-0.2851,down,0.72,-4.21
FLAT,Barclays PLC,64.77,0,unch,0,0.37
FLBL,Franklin Templeton ETF Trust,24.92,0.035,up,0.14,-1.25
FLCA,Franklin FTSE Canada ETF,23.6588,-0.2512,down,1.05,-0.21
FLGE,Credit Suisse AG,227.0258,-4.6078,down,1.99,-2.07
FLLV,Franklin Liberty U.S. Low Volatility ETF,31.6928,-0.1696,down,0.53,1.95
FLMB,Franklin Templeton ETF Trust Franklin Liberty Municipal Bond E,24.705,0.05,up,0.2,-0.34
FLMI,Franklin Templeton ETF Trust Franklin Liberty Intermediate Mun,24.55,0.06,up,0.24,-1.84
FLMX,Franklin FTSE Mexico ETF,22.7124,-0.1014,down,0.44,-12.44
FLQL,Franklin Templeton ETF Trust,29.8778,-0.219,down,0.73,7.27
FLQM,Franklin Templeton ETF Trust,28.9711,-0.094,down,0.32,-0.6
FLQS,Franklin Templeton ETF Trust,27.3351,-0.1063,down,0.39,0.55
FLTB,Fidelity Limited Term Bond ETF,49.68,0.0598,up,0.12,-0.38
FMAT,Fidelity MSCI Materials Index ETF,30.1751,-0.4649,down,1.52,-11.39
FMB,First Trust Managed Municipal ETF,52.92,0.12,up,0.23,0.09
FMF,First Trust Morningstar Managed Futures Strategy Fund,44.9273,0.1573,up,0.35,-6.24
FMHI,First Trust Municipal High Income ETF,50.4096,0.1595,up,0.32,0.96
FMK,First Trust Mega Cap AlphaDEX Fund,34.0788,-0.2412,down,0.7,1
FNCL,Fidelity MSCI Financials Index ETF,37.82,-0.26,down,0.68,-7.73
FNDA,Schwab Fundamental U.S. Small Company Index ETF,36.69,-0.28,down,0.76,0.27
FNDB,Schwab Fundamental U.S. Broad Market Index ETF,36.51,-0.335,down,0.91,0.12
FNDX,Schwab Fundamental U.S. Large Company Index ETF,36.75,-0.32,down,0.86,-0.35
FNG,AdvisorShares New Tech and Media ETF,16.12,-0.256,down,1.56,-23.85
FNK,First Trust Mid Cap Value AlphaDEX Fund,34.2766,-0.4254,down,1.23,-0.54
FNX,First Trust Mid Cap Core AlphaDEX Fund,65.47,-0.57,down,0.86,1.63
FNY,First Trust Mid Cap Growth AlphaDEX Fund,41.4118,-0.4281,down,1.02,4.97
FPE,First Trust Preferred Securities and Income ETF ETF,18.72,-0.01,down,0.05,-4.49
FPX,First Trust US Equity Opportunities ETF,69.68,-0.91,down,1.29,1.67
FQAL,Fidelity Quality Factor ETF,32.45,-0.2536,down,0.78,2.36
FRAK,VanEck Vectors Unconventional Oil & Gas ETF,11.76,-0.57,down,4.62,-17.53
FREL,Fidelity MSCI Real Estate Index ETF,25.22,0.2,up,0.8,10.66
FRI,First Trust S&P REIT Index Fund,24.4329,0.2592,up,1.07,15.54
FRLG,"Goldman Sachs Group, Inc. (The)",98.4769,-2.3731,down,2.35,5.07
FSMB,First Trust Short Duration Managed Municipal ETF,20.215,0.03,up,0.15,0.47
FSTA,Fidelity MSCI COnsumer Staples Index ETF,32.22,-0.04,down,0.12,-2.63
FTA,First Trust Large Cap Value AlphaDEX Fund,50.7,-0.32,down,0.63,-4.83
FTC,First Trust Large Cap Growth AlphaDEX Fund,63.22,-0.24,down,0.38,0.91
FTCS,First Trust Capital Strength ETF,51.71,-0.23,down,0.44,1.79
FTEC,Fidelity MSCI Information Technology Index ETF,54.35,-0.74,down,1.34,7.01
FTGC,First Trust Global Tactical Commodity Strategy Fund,18.67,-0.095,down,0.51,-9.57
FTHI,First Trust BuyWrite Income ETF,21.3775,0.2375,up,1.12,-7.12
FTLB,First Trust Hedged BuyWrite Income ETF,21.27,0.21,up,1,-5.86
FTLS,First Trust Long/Short Equity,38.38,-0.16,down,0.42,-2.2
FTSD,Franklin Liberty Short Duration U.S. Government ETF,94.55,0.075,up,0.08,-1.03
FTVA,ETF Series Solutions,25.84,-0.3689,down,1.41,-5.65
FTXD,First Trust Nasdaq Retail ETF,21.83,0,unch,0,-0.73
FTXG,First Trust Nasdaq Food & Beverage ETF,18.82,-0.08,down,0.42,-5.5
FTXH,First Trust Nasdaq Pharmaceuticals ETF,20.39,-0.3094,down,1.49,-1.99
FTXL,First Trust Nasdaq Semiconductor ETF,30.37,-0.68,down,2.19,0.78
FTXN,First Trust Nasdaq Oil & Gas ETF,18.05,-0.63,down,3.37,-6.88
FTXO,First Trust Nasdaq Bank ETF,25.78,0.35,up,1.38,-16.65
FTXR,First Trust Nasdaq Transportation ETF,23.82,-0.1432,down,0.6,-6.55
FUD,ETRACS 2X Wells Fargo - BDCI,16.755,-0.1591,down,0.94,-7.29
FUE,AB Svensk Ekportkredit (Swedish Export Credit Corporation),6.545,-0.015,down,0.23,-16.75
FUMB,First Trust Ultra Short Duration Municipal ETF,20.055,0.03,up,0.15,-0.27
FUT,ProShares Trust,39.6934,0.1473,up,0.37,0.05
FUTY,Fidelity MSCI Utilities Index ETF,36.51,0.47,up,1.3,14.16
FV,First Trust Dorsey Wright Focus 5 ETF,28.6,-0.46,down,1.58,0
FVAL,Fidelity Value Factor ETF,32.3584,-0.4516,down,1.38,-0.3
FVC,First Trust Dorsey Wright Dynamic Focus 5 ETF,26.1,-0.24,down,0.91,-0.72
FVD,First Trust VL Dividend,31.32,-0.03,down,0.1,4.71
FVL,First Trust Value Line 100 Fund,20.1164,-0.0186,down,0.09,-14.14
FWDD,Madrona Domestic ETF,50.7406,-0.5868,down,1.14,-4.43
FXC,Invesco CurrencyShares Canadian Dollar Trust,74.1886,-0.5114,down,0.68,-5.23
FXD,First Trust Cons. Discret. AlphaDEX,40.9,-0.21,down,0.51,-3
FXG,First Trust Cons. Staples AlphaDEX,44.35,-0.62,down,1.38,-6.62
FXH,First Trust Health Care AlphaDEX,74.5,-0.63,down,0.84,6.28
FXL,First Trust Technology AlphaDEX,60.56,-0.72,down,1.17,15.02
FXN,First Trust Energy AlphaDEX Fund,12.55,-0.5,down,3.83,-9.06
FXO,First Trust Financials AlphaDEX,30.25,0.06,up,0.2,-2.2
FXR,First Trust Industrials AlphaDEX,38.6801,-0.2599,down,0.67,-2.43
FXU,First Trust Utilities AlphaDEX Fund,27.48,0.23,up,0.84,13.02
FXZ,First Trust Materials AlphaDEX Fund,37.2,-0.4924,down,1.31,-12.47
FYC,First Trust Small Cap Growth AlphaDEX Fund,44.2701,-0.2999,down,0.67,6.86
FYT,First Trust Small Cap Value AlphaDEX Fund,34.88,-0.58,down,1.64,-0.48
FYX,First Trust Small Cap Core AlphaDEX Fund,60.54,-0.51,down,0.84,2.9
GARD,Reality Shares ETF Trust,23.9047,0.1639,up,0.69,-1.17
GASL,Direxion Daily Natural Gas Related Bull 3X Shares,6.31,-0.95,down,13.09,-65.25
GASX,Direxion Daily Natural Gas Related Bear 3X Shares,38.64,4.58,up,13.45,27.85
GAZ,iPath Bloomberg Natural Gas Subindex Total Return ETN,36.82,-1.4368,down,3.76,-32.9
GBIL,Goldman Sachs Access Treasury 0-1 Year ETF,100.14,0.05,up,0.05,0.12
GCC,WisdomTree Continuous Commodity Index Fund,17.96,-0.15,down,0.83,-6.55
GENY,Principal Millennials Index ETF,34.39,-0.4866,down,1.4,-1.25
GLD,SPDR Gold Trust,123.74,0.3,up,0.24,-1.55
GLDI,Credit Suisse AG,8.75,-0.02,down,0.23,-3.52
GLDW,SPDR Long Dollar Gold Trust,129.4869,0.5705,up,0.44,7.46
GLL,ProShares UltraShort Gold,70.3472,-0.2998,down,0.42,5.04
GLTR,Aberdeen Standard Physical Precious Metals Basket Shares ETF,64.71,0.08,up,0.12,-0.65
GMFL,Invesco Multi-Factor Large Cap ETF,26.4634,-0.1316,down,0.49,0.25
GNMA,iShares GNMA Bond ETF,48.94,0.02,up,0.04,0
GOVT,iShares Trust,24.85,0.06,up,0.24,0.65
GRBIC,Gabelli NextShares Trust,100.05,0,unch,0,0.06
GRU,AB Svensk Ekportkredit (Swedish Export Credit Corporation),3.28,-0.035,down,1.06,-5.56
GSC,Goldman Sachs Group Inc,22.2476,-0.3122,down,1.38,-9.23
GSEW,GOLDMAN SACHS ETF TRUST,43.512,-0.248,down,0.57,1.16
GSG,iShares GSCI Commodity-Indexed Trust Fund,15.09,-0.21,down,1.37,-7.61
GSLC,Goldman Sachs ActiveBeta U.S. Large Cap Equity ETF,54.51,-0.43,down,0.78,1.78
GSP,Barclays PLC,14.2149,-0.2401,down,1.66,-8.57
GSSC,GS ActiveBeta U.S. Small Cap Equity ETF,43.0868,-0.3046,down,0.7,2.92
GURU,Global X Guru Index ETF,30.83,-0.34,down,1.09,4
GUSH,Direxion Daily S&P Oil & Gas Exp. & Prod. Bull 3X Shares,9.52,-1.46,down,13.3,-54.38
GVIP,Goldman Sachs Hedge Industry VIP ETF,54.79,-0.39,down,0.71,1.68
HDG,ProShares Hedge Replication ETF,44.71,-0.1567,down,0.35,-0.96
HDGE,Ranger Equity Bear Bear ETF,7.42,0.1613,up,2.22,-9.25
HDLV,ETRACS 2X Wells Fargo - BDCI,26.2207,0.1939,up,0.75,-4.38
HDV,iShares Core High Dividend ETF,88.9,-0.65,down,0.73,3.18
HECO,Strategy Shs EcoLogical Strategy ETF,40.15,-0.24,down,0.59,-1.97
HEWC,iShares Currency Hedged MSCI Canada ETF,25.16,0.0391,up,0.16,-0.75
HEWW,iShares Currency Hedged MSCI Mexico ETF,17.0404,-0.0507,down,0.3,-11.73
HIPS,GraniteShares HIPS US High Income ETF,16.7771,-0.084,down,0.5,-0.24
HMOP,Hartford Municipal Opportunities ETF,40.15,0.02,up,0.05,1.16
HOML,ETRACS 2X Wells Fargo - BDCI,32.6076,0.0831,up,0.26,-38.46
HONR,InsightShares Patriotic Employers ETF,23.8743,-0.0985,down,0.41,-0.21
HSPX,Global X Funds Global X S&P 500 Covered Call ETF,46.09,-0.36,down,0.78,-5.47
HSRT,Hartford Funds Exchange-Traded Trust,40.12,0.015,up,0.04,0.06
HTAB,Hartford Schroders Tax-Aware Bond ETF,20.24,0.02,up,0.1,0.9
HTRB,Hartford Total Return Bond ETF,39.335,0.015,up,0.04,-0.46
HUSE,Strategy Shares US Market Rotation Strategy ETF,34.9035,-0.0665,down,0.19,-10.36
HUSV,First Trust Exchange-Traded Fund III First Trust Horizon Manag,23.8761,-0.026,down,0.11,7.37
HYD,VanEck Vectors High Yield Municipal Index ETF,61.4,0.07,up,0.11,-1.02
HYDB,iShares Trust,48.41,-0.2149,down,0.44,-3.81
HYDD,Direxion Daily High Yield Bear 2X Shares,18.095,0.045,up,0.25,-5.69
HYGV,FlexShares High Yield Value-Scored Bond Index Fund,47.5402,-0.1797,down,0.38,-4.54
HYIH,db-X MSCI,22.23,-0.005,down,0.02,-4.08
HYLB,Xtrackers USD High Yield Corporate Bond ETF,48.84,-0.15,down,0.31,-1.67
HYLV,IndexIQ ETF Trust IQ S&P High Yield Low Volatility Bond ETF,24.24,-0.0099,down,0.04,-2.34
HYMB,SPDR Nuveen S&P High Yield Municipal Bond ETF,55.87,0.15,up,0.27,0.41
HYXE,iShares iBoxx $ High Yield ex Oil & Gas Corporate Bond ETF,50,-0.3499,down,0.69,-1.1
IAI,iShares U.S. Broker-Dealers & Securities Exchanges ETF,60.31,-0.52,down,0.85,-5.72
IAK,iShares U.S. Insurance ETF,62.58,-0.3391,down,0.54,-2.83
IAT,iShares U.S. Regional Banks ETF,46.06,0.74,up,1.63,-12.07
IAU,ishares Gold Trust,12.55,0.04,up,0.32,-1.42
IBCD,iShares iBonds Mar 2020 Term Corporate ex-Financials Term ETF,24.46,0.03,up,0.12,0.04
IBCE,iShares iBonds Mar 2023 Term Corporate ex-Financials ETF,23.855,0.0198,up,0.08,-0.44
IBD,Inspire Corporate Bond Impact ETF,24.74,0.0675,up,0.27,-1.16
IBDC,iShares iBonds Mar 2020 Term Corporate ETF,26,0.0166,up,0.06,-0.08
IBDD,iShares iBonds Mar 2023 Term Corporate ETF,25.96,0.015,up,0.06,-0.36
IBDK,iShares iBonds Dec 2019 Term Corporate ETF,24.83,0.01,up,0.04,0.08
IBDL,iShares iBonds Dec 2020 Term Corporate ETF,25.14,0.02,up,0.08,-0.32
IBDM,iShares iBonds Dec 2021 Term Corporate ETF,24.53,0.02,up,0.08,-0.41
IBDN,iShares iBonds Dec 2022 Term Corporate ETF,24.59,0.02,up,0.08,-0.12
IBDO,iShares iBonds Dec 2023 Term Corporate ETF,24.58,0.01,up,0.04,-0.61
IBDP,iShares iBonds Dec 2024 Term Corporate ETF,24.4,0.01,up,0.04,-1.09
IBDQ,iShares iBonds Dec 2025 Term Corporate ETF,24.34,0.03,up,0.12,-0.74
IBDR,iShares iBonds Dec 2026 Term Corporate ETF,23.66,-0.0033,down,0.01,-1.21
IBDS,iShares iBonds Dec 2027 Term Corporate ETF,23.946,0.056,up,0.23,-1.69
IBMH,iShares iBonds Sep 2019 Term Muni Bond ETF,25.3979,0.0179,up,0.07,0
IBMI,iShares iBonds Sep 2020 Term Muni Bond ETF,25.4453,0.0053,up,0.02,0.2
IBMJ,iShares iBonds Dec 2021 Term Muni Bond ETF,25.56,0.01,up,0.04,0.43
IBMK,iShares iBonds Dec 2022 Term Muni Bond ETF,25.81,0.055,up,0.21,0.84
IBML,iShares Trust,25.34,0.07,up,0.28,1.36
IBMM,iShares Trust,25.74,0.065,up,0.25,2.41
IBMN,iShares Trust,26.24,0.075,up,0.29,3.91
ICAN,SerenityShares Impact ETF,27.8889,-0.2613,down,0.93,4.92
ICF,iShares Trust,106.87,1,up,0.94,15.57
ICVT,iShares Trust,56.58,-0.45,down,0.79,3.99
IDIV,U.S. Equity Cumulative Dividends Fund Series 2027 Shares,12.015,-0.03,down,0.25,-11.56
IDU,iShares U.S. Utilities ETF,140.51,1.88,up,1.36,13.83
IECS,iShares U.S. ETF Trust,24.5157,-0.0548,down,0.22,0.04
IEDI,iShares U.S. ETF Trust,26.4275,-0.1457,down,0.55,8.1
IEF,iShares 7-10 Year Treasury Bond ETF,104.47,0.34,up,0.33,1.48
IEFN,iShares U.S. ETF Trust,22.7139,-0.1333,down,0.58,-2.68
IEHS,iShares U.S. ETF Trust,28.1478,-0.1435,down,0.51,15.62
IEI,iShares 3-7 Year Treasury Bond ETF,121.66,0.22,up,0.18,0.88
IEIH,iShares U.S. ETF Trust,25.003,-0.4839,down,1.9,5.37
IEME,iShares U.S. ETF Trust,25.61,-0.0622,down,0.24,3.89
IEO,iShares Trust,56.03,-2.13,down,3.66,-7.61
IETC,iShares U.S. ETF Trust,25.4419,-0.3697,down,1.43,6.83
IEZ,iShares U.S. Oil Equipment & Services ETF,24.32,-1.035,down,4.08,-29.1
IFRA,iShares Trust,25.3711,-0.1873,down,0.73,-0.54
IGEB,iShares Trust,48.3911,0.0061,up,0.01,-2.41
IGM,iShares Expanded Tech Sector ETF,190.7848,-2.9261,down,1.51,9.11
IGN,iShares North American Tech-Multimedia Networking ETF,51.137,-0.974,down,1.87,4.68
IGV,iShares Trust,195.77,-1.25,down,0.63,20.35
IHE,iShares U.S. Pharmaceutical ETF,145.41,-2.51,down,1.7,-1.45
IHF,iShares U.S. Health Care Providers ETF,180.78,0.3,up,0.17,12.44
IHI,iShares U.S. Medical Devices ETF,214.69,-1.61,down,0.74,19.15
IHYD,Invesco Corporate Income Defensive ETF,25.105,-0.0313,down,0.12,0.36
IHYV,Invesco Corporate Income Value ETF,24.4477,-0.0975,down,0.4,-2.17
IIGV,Invesco Investment Grade Value ETF,25.215,0.005,up,0.02,0.12
IJH,iShares Core S&P Mid-Cap ETF,185.33,-0.9,down,0.48,0.05
IJJ,iShares S&P Mid-Cap 400 Value ETF,155.66,-0.78,down,0.5,1.4
IJK,iShares S&P Mid-Cap 400 Growth ETF,211.54,-0.93,down,0.44,-1.22
IJR,iShares Core S&P Small-Cap ETF,76.86,-0.69,down,0.89,2.88
IJS,iShares S&P SmallCap 600 Value ETF,148.4,-1.4,down,0.93,0.71
IJT,iShares S&P Small-Cap 600 Growth ETF,176.31,-1.44,down,0.81,5.28
ILTB,iShares Core 10  Year USD Bond ETF,60.43,0.1517,up,0.25,-2.87
IMFC,Invesco Multi-Factor Core Fixed Income ETF,25.29,0.03,up,0.12,0.64
IMFP,Invesco Multi-Factor Core Plus Fixed Income ETF,25.25,0.015,up,0.06,2.17
IMLP,Barclays PLC,16.4453,-0.3196,down,1.91,-9.67
IMTB,iShares Core 5-10 Year USD Bond ETF,48.545,0.045,up,0.09,0.27
INDS,Pacer Benchmark Industrial Real Estate SCTR ETF,27.9952,0.4163,up,1.51,12.38
IPE,SPDR Bloomberg Barclays TIPS ETF,54.52,0.07,up,0.13,-1.75
ISMD,Inspire Small/Mid Cap Impact ETF,25.9336,-0.1812,down,0.69,0.33
ISTB,iShares Core 1-5 Year USD Bond ETF,49.41,0.07,up,0.14,-0.02
ITA,iShares Trust,200.2,-0.99,down,0.49,4.81
ITB,iShares Trust,33.86,0.29,up,0.86,-18.22
ITE,SPDR Bloomberg Barclays Intermediate Term Treasury ETF,59.56,0.13,up,0.22,1.16
ITM,VanEck Vectors AMT-Free Intermediate Municipal Index ETF,47.86,0.19,up,0.4,1.43
ITOT,iShares Core S&P Total U.S. Stock Market ETF,61.75,-0.52,down,0.84,1.4
IUS,Invesco Strategic US ETF,22.65,0,unch,0,-9.8
IUSB,iShares Core Total USD Bond Market ETF,49.739,0.099,up,0.2,-0.62
IUSG,iShares Core S&P U.S. Growth ETF,56.75,-0.52,down,0.91,3.81
IUSS,Invesco Strategic US Small Company ETF,21.88,0,unch,0,-13.17
IUSV,iShares Core S&P U.S. Value ETF,53.49,-0.46,down,0.85,-1.37
IVE,iShares S&P 500 Value ETF,109.85,-1.05,down,0.95,-1.74
IVFVC,Ivy NextShares,100.02,0,unch,0,0
IVOG,Vanguard S&P Mid-Cap 400 Growth ETF,130.52,-0.57,down,0.43,-1.03
IVOO,Vanguard S&P Mid-Cap 400 ETF,124.94,-0.56,down,0.45,0.07
IVOV,Vanguard S&P Mid-Cap 400 Value ETF,118.3959,-0.7241,down,0.61,1.73
IVV,iShares Core S&P 500 ETF,271.83,-2.58,down,0.94,1.16
IVW,iShares S&P 500 Growth ETF,161.99,-1.57,down,0.96,4.17
IWB,iShares Russell 1000 ETF,150.45,-1.4,down,0.92,1.53
IWC,iShares Microcap ETF,91.26,-0.88,down,0.96,-1.88
IWD,iShares Russell 1000 Value ETF,119.56,-0.94,down,0.78,-1.84
IWF,iShares Russell 1000 Growth ETF,143.17,-1.47,down,1.02,4.74
IWL,iShares Russell Top 200 ETF,62.66,-0.6179,down,0.98,1.64
IWM,iShares Russell 2000 ETF,149.69,-1.24,down,0.82,0.83
IWN,iShares Russell 2000 Value ETF,120.05,-0.46,down,0.38,-0.96
IWO,iShares Russell 2000 Growth ETF,188.07,-2.18,down,1.15,2.42
IWP,iShares Russell Midcap Growth ETF,128.54,-0.72,down,0.56,6.07
IWR,iShares Russell Mid-Cap ETF,51.91,-0.26,down,0.5,1.14
IWS,iShares Russell Mid-cap Value ETF,84.62,-0.27,down,0.32,-2.23
IWV,iShares Russell 3000 ETF,159.74,-1.43,down,0.89,1.4
IWX,iShares Russell Top 200 Value ETF,50.7497,-0.5003,down,0.98,-1.69
IWY,iShares Russell Top 200 Growth ETF,77.76,-0.86,down,1.09,4.42
IYC,iShares U.S. Consumer Services ETF,195.88,-0.93,down,0.47,4.47
IYE,iShares U.S. Energy ETF,34.36,-0.8,down,2.28,-8.08
IYF,iShares U.S. Financial ETF,116.6,-0.54,down,0.46,-1.88
IYG,iShares U.S. Financial Services ETF,124.15,-0.83,down,0.66,-6.91
IYH,iShares U.S. Healthcare ETF,189.02,-2.0695,down,1.08,7.76
IYJ,iShares Trust,145.04,-1.07,down,0.73,-0.96
IYK,iShares U.S. Consumer Goods ETF,114.0315,-0.5985,down,0.52,-7.22
IYM,iShares U.S. Basic Materials ETF,87.83,-1.67,down,1.87,-11.68
IYR,iShares U.S. Real Estate ETF,84.1,0.64,up,0.77,12.39
IYT,iShares Trust,183.47,-0.58,down,0.32,-2.93
IYW,iShares U.S. Technology ETF,176.56,-2.73,down,1.52,7.28
IYY,iShares Dow Jones U.S. ETF,135.1598,-1.2402,down,0.91,1.47
IYZ,iShares Trust,27.64,-0.26,down,0.93,-0.53
JDIV,JPMorgan U.S. Dividend ETF,25.4673,-0.0942,down,0.37,1.55
JHMA,John Hancock Multifactor Materials ETF,30.5848,-0.5998,down,1.92,-10.49
JHMC,John Hancock Multifactor Consumer Discretionary ETF,30.8539,-0.1918,down,0.62,0.36
JHME,John Hancock Multifactor Energy ETF,25.2523,-0.7883,down,3.03,-9.46
JHMF,John Hancock Multifactor Financials ETF,34.6903,-0.1487,down,0.43,-6.4
JHMH,John Hancock Multifactor Healthcare ETF,33.5719,-0.3581,down,1.06,7.41
JHMI,John Hancock Multifactor Industrials ETF,34.1291,-0.217,down,0.63,0.17
JHML,John Hancock Multifactor Large Cap ETF,34.8818,-0.3121,down,0.89,0.98
JHMM,John Hancock Multifactor Mid Cap ETF,33.89,-0.14,down,0.41,-0.06
JHMS,John Hancock Multifactor Consumer Staples ETF,25.73,-0.06,down,0.23,-3.19
JHMT,John Hancock Multifactor Technology ETF,44.3862,-0.6482,down,1.44,6.48
JHMU,John Hancock Multifactor Utilities ETF,29.76,0.3589,up,1.22,16.9
JHSC,John Hancock Multifactor Small Cap ETF,25.3848,-0.1552,down,0.61,-0.16
JKD,iShares Morningstar Large-Cap ETF,153.19,-1.41,down,0.91,-1.98
JKE,iShares Morningstar Large-Cap Growth ETF,172.53,-1.82,down,1.04,6.51
JKF,iShares Morningstar Large-Cap  Value ETF,102.09,-1.12,down,1.09,-1.15
JKG,iShares Morningstar Mid-Cap ETF,181.63,-1.1102,down,0.61,-0.09
JKH,iShares Morningstar Mid-Cap Growth ETF,219.3829,-1.3069,down,0.59,8.29
JKI,iShares Morningstar Mid-Cap ETF,153.37,-0.3501,down,0.23,-1.88
JKJ,iShares Morningstar Small-Cap ETF,166.2874,-1.1984,down,0.72,-1.25
JKK,iShares Morningstar Small-Cap Growth ETF,188.8841,-2.1859,down,1.14,7.37
JKL,iShares Morningstar Small-Cap Value ETFnd,139.4076,-0.776,down,0.55,-3.62
JMIN,JPMorgan U.S. Minimum Volatility ETF,26.63,-0.056,down,0.21,1.83
JMOM,JPMorgan U.S. Momentum Factor ETF,26.2077,-0.1859,down,0.7,2.21
JMST,J.P. Morgan Exchange-Traded Fund Trust,50.29,-0.01,down,0.02,0.5
JMUB,J.P. Morgan Exchange-Traded Fund Trust,51.865,0.09,up,0.17,3.32
JPED,JPMorgan Event Driven ETF,24.8439,-0.1824,down,0.73,-1.03
JPHF,J P Morgan Chase & Co ETF,24.66,0.05,up,0.2,-4.5
JPHY,J.P. Morgan Exchange-Traded Fund Trust,49.5401,-0.1799,down,0.36,-2.45
JPLS,JPMorgan Long/Short ETF,22.3358,0.0496,up,0.22,-7.11
JPME,JPMorgan Diversified Return U.S. Mid Cap Equity ETF,62.992,-0.3899,down,0.62,0.38
JPSE,JPMorgan Diversified Return U.S. Small Cap Equity ETF,29.5072,-0.1728,down,0.58,3.78
JPUS,JPMorgan Diversified Return U.S. Equity ETF,70.51,-0.44,down,0.62,1.56
JQUA,JPMorgan U.S. Quality Factor ETF,26.731,-0.2347,down,0.87,6.35
JSMD,Janus Henderson Small/Mid Cap Growth Alpha ETF,41.5606,-0.4794,down,1.14,7.68
JSML,Janus Henderson Small Cap Growth Alpha ETF,40.4034,-0.6366,down,1.55,13.68
JUST,Goldman Sachs JUST U.S. Large Cap Equity ETF,38.831,-0.3977,down,1.01,-2.34
JVAL,JPMorgan U.S. Value Factor ETF,25.4828,-0.2216,down,0.86,-6.34
KBE,SPDR S&P Bank ETF,43.79,0.45,up,1.04,-11.04
KBWB,Invesco KBW Bank ETF,50.15,0.23,up,0.46,-12.53
KBWD,Invesco KBW High Dividend Yield Financial ETF,22.1,-0.05,down,0.23,0.68
KBWR,Invesco KBW Regional Banking ETF,51.8876,0.2563,up,0.5,-8.46
KBWY,Invesco KBW Premium Yield Equity REIT ETF,32.1,0.06,up,0.19,2.56
KCE,SPDR S&P Capital Markets ETF,52.7428,-0.1466,down,0.28,-8.46
KIE,SPDR S&P Insurance ETF,30.73,-0.1,down,0.32,1.31
KNG,ETF Series Solutions,40.6991,-0.0851,down,0.21,2.49
KNOW,Direxion All Cap Insider Sentiment Shares,38.09,-0.08,down,0.21,-6.81
KOL,VanEck Vectors Coal ETF,13.9,-0.13,down,0.93,-20.78
KOLD,ProShares UltraShort Bloomberg Natural Gas,23.83,1.75,up,7.93,-46.94
KRE,SPDR S&P Regional Banking ETF,54.68,0.8,up,1.48,-11.22
KRMA,Global X Conscious Companies ETF,20.04,-0.2358,down,1.16,4.46
LALT,Invesco Multi-Strategy Alternative ETF,21.71,-0.26,down,1.18,2.9
LBDC,UBS AG,13.6032,-0.2892,down,2.08,-1.07
LD,Barclays PLC,44,0,unch,0,0
LEAD,Reality Shares ETF Trust,32.43,-0.23,down,0.7,1.02
LFEQ,VanEck Vectors NDR CMG Long/Flat Allocation ETF,25.7683,-0.1317,down,0.51,-1.52
LGLV,SPDR SSGA US Large Cap Low Volatility Index ETF,95.59,-0.29,down,0.3,7.65
LGOV,First Trust Long Duration Opportunities ETF,25.455,0.08,up,0.32,1.48
LKOR,FlexShares Credit-Scored US Long Corporate Bond Index Fund,50.29,0.01,up,0.02,-5.68
LLQD,iShares Trust,47.0144,-0.0287,down,0.06,-5.05
LMBS,First Trust Low Duration Opportunities ETF,51.21,0.03,up,0.06,-0.91
LMLP,ETRACS 2X Wells Fargo - BDCI,13.7935,0.0008,up,0.01,-17.92
LNGR,Global X Longevity Thematic ETF,20.7821,-0.2415,down,1.15,5.95
LRET,UBS AG,25.4061,0.4858,up,1.95,19.12
LRGE,ClearBridge Large Cap Growth ESG ETF,31.31,-0.49,down,1.54,6.3
LRGF,iShares Edge MSCI Multifactor USA ETF,30.23,-0.29,down,0.95,-3.54
LSAF,LeaderShares AlphaFactor US Core Equity ETF,23.274,-0.1532,down,0.65,-6.54
LSST,Natixis ETF Trust Natixis Loomis Sayles Short Duration Income,24.8,0,unch,0,-0.68
LTL,ProShares Ultra Telecommunications ProShares,35.6963,-1.2578,down,3.4,-14.07
LTPZ,Pimco 15  Year U.S. TIPS Index Exchange-Traded Fund,63.5391,0.209,up,0.33,-4.84
LVHB,Innovator ETFs Trust II,31.95,0.1,up,0.31,0.09
LVHD,Legg Mason Low Volatility High Dividend ETF,30.7075,-0.0625,down,0.2,2.64
LVUS,Lattice Strategies Trust,27.3809,-0.1259,down,0.46,6.04
MAGA,ETF Series Solutions,25.7143,-0.2057,down,0.79,-6.15
MBB,iShares MBS ETF,105.1,0.11,up,0.1,0.28
MBG,SPDR Bloomberg Barclays Mortgage Backed Bond ETF,25.51,0.02,up,0.08,-0.31
MBSD,FlexShares Disciplined Duration MBS Index Fund,23.0556,0.0356,up,0.15,-1.2
MCEF,First Trust Municipal CEF Income Opportunity ETF,17.9273,-0.0052,down,0.03,-0.03
MCRO,IQ Hedge Macro Tracker ETF,25.7186,-0.0763,down,0.3,-2.7
MDIV,First Trust Multi-Asset Diversified Income Index Fund,18.11,-0.13,down,0.71,-1.99
MDY,SPDR MidCap Trust Series I,337.66,-1.52,down,0.45,0.07
MDYG,SPDR S&P 400 Mid Cap Growth ETF (based on S&P MidCap 400 Growt,50.76,-0.2,down,0.39,-1.34
MDYV,SPDR S&P 400 Mid Cap Value ETF (based on S&P MidCap 400 Value,49.91,-0.28,down,0.56,1.2
MEAR,iShares U.S. ETF Trust,49.92,0.03,up,0.06,0.24
MEXX,Direxion Daily MSCI Mexico Bull 3X Shares,12.27,-0.1776,down,1.43,-47.49
MFUS,PIMCO Equitiy Series PIMCO RAFI Dynamic Multi-Factor U.S. Equi,27.2237,-0.2068,down,0.75,-0.87
MGC,Vanguard Mega Cap ETF,93.43,-0.92,down,0.98,1.86
MGK,Vanguard Mega Cap Growth ETF,116.57,-1.27,down,1.08,2.93
MGV,Vanguard Mega Cap Value ETF,75.94,-0.72,down,0.94,0.75
MIDU,Direxion Mid Cap Bull 3X Shares,38.5,-0.51,down,1.31,-9.22
MIDZ,Direxion Mid Cap Bear 3X Shares,12.49,0.1601,up,1.3,-13.05
MILN,Global X Millennials Thematic ETF,22.205,-0.173,down,0.77,13.66
MLN,VanEck Vectors AMT-Free Long Municipal Index ETF,19.6831,0.0631,up,0.32,-0.86
MLPA,Global X MLP ETF,8.4,-0.38,down,4.33,-14.67
MLPB,UBS AG,21.5041,-0.497,down,2.26,-16.67
MLPC,Citigroup Inc.,13.46,-0.325,down,2.36,-12.92
MLPE,Citigroup Inc.,20.39,-0.495,down,2.37,-12.8
MLPG,UBS AG,21.7949,-0.5934,down,2.65,-8.47
MLPI,ETRACS 2X Wells Fargo - BDCI,21.47,-0.49,down,2.23,-11.13
MLPO,Credit Suisse AG,13.19,-0.3316,down,2.45,-3.64
MLPQ,UBS AG,26.8002,-1.1998,down,4.28,-28.84
MLPX,Global X MLP & Energy Infrastructure ETF,12.44,-0.38,down,2.96,-4.04
MLPY,Morgan Stanley,5.915,-0.2059,down,3.36,-17.3
MLPZ,UBS AG,30.994,-1.3226,down,4.09,-23.12
MLQD,iShares Trust,48.359,0.024,up,0.05,-0.4
MLTI,Credit Suisse X-Links Multi-Asset High Income Exchange Traded,27.0768,-0.1429,down,0.52,0.7
MMIN,IQ MacKay Municipal Insured ETF,25.1755,0.0805,up,0.32,1.76
MMIT,IQ MacKay Municipal Intermediate ETF,25.155,0.03,up,0.12,3.59
MMTM,SPDR S&P 1500 Momentum Tilt ETF,117.4853,-0.5003,down,0.42,1.72
MOAT,VanEck Vectors Morningstar Wide Moat ETF,45.17,-0.39,down,0.86,6.27
MOM,AGFiQ U.S. Market Neutral Momentum Fund,23.505,0.1899,up,0.81,-7
MORL,ETRACS 2X Wells Fargo - BDCI,14.73,-0.23,down,1.54,8.33
MORT,VanEck Vectors Mortgage REIT Income ETF,23.3366,-0.1134,down,0.48,7.67
MSUS,ETF Series Solutions,23.1196,0.0965,up,0.42,-9.3
MTUM,iShares Trust,106.87,-0.48,down,0.45,0.51
MUB,iShares National Muni Bond ETF,109.38,0.2,up,0.18,0.31
MUNI,PIMCO Intermediate Municipal Bond Active Exchange-Traded Fund,53.16,0.1,up,0.19,0.32
MUST,Columbia Multi-Sector Municipal Income ETF,20.645,0.005,up,0.02,3.2
MVV,ProShares Ultra MidCap400,37.51,-0.4,down,1.06,-3.36
MXDU,Nationwide Maximum Diversification U.S. Core Equity ETF,26.9139,-0.1495,down,0.55,2.77
MYY,ProShares Short MidCap400,45.16,0.19,up,0.42,-1.73
MZZ,ProShares UltraShort MidCap400,18.2708,0.1839,up,1.02,-6.9
NACP,Impact Shares Trust I Impact Shares NAACP Minority Empowerment,19.344,-0.2315,down,1.18,-1.71
NAIL,Direxion Daily Homebuilders & Supplies Bull 3X Shares,33.84,0.7724,up,2.34,-55.81
NANR,SPDR S&P North American Natural Resources ETF,31.23,-0.47,down,1.48,-7.82
NFO,Invesco Insider Sentiment ETF,61.9698,-0.4002,down,0.64,1.61
NIB,Barclays PLC,25.59,-0.44,down,1.69,4.12
NOBL,ProShares Trust,64.31,-0.15,down,0.23,2.03
NUAG,Nuveen Enhanced Yield U.S. Aggregate Bond ETF,23.4379,0.0279,up,0.12,-2.7
NUBD,Nuveen ESG U.S. Aggregate Bond ETF,24.41,0.0303,up,0.12,-0.35
NULG,NuShares Enhanced Yield US Aggregate Bond ETF,32.9415,-0.2574,down,0.78,3.88
NULV,NuShares Enhanced Yield US Aggregate Bond ETF,28.29,-0.1884,down,0.66,-0.25
NUMG,NuShares Enhanced Yield US Aggregate Bond ETF,29.0937,-0.2384,down,0.81,0.41
NUMV,NuShares Enhanced Yield US Aggregate Bond ETF,26.7074,-0.0449,down,0.17,-4.33
NURE,NuShares Enhanced Yield US Aggregate Bond ETF,28.0259,0.1803,up,0.65,13.52
NUSA,Nuveen Enhanced Yield 1-5 Year U.S. Aggregate Bond ETF,24.425,0.01,up,0.04,-0.83
NUSC,NuShares Enhanced Yield US Aggregate Bond ETF,27.7767,-0.2433,down,0.87,-0.07
NYF,iShares New York Muni Bond ETF,55.079,0.139,up,0.25,-0.05
OEF,iShares S&P 100 ETF,119.43,-1.36,down,1.13,0.85
OEW,Invesco S&P 100 Equal Weight ETF,32.353,-0.2906,down,0.89,-0.31
OIH,VanEck Vectors Oil Services ETF,16.75,-0.7,down,4.01,-33.37
OILD,ProShares UltraPro 3x Short Crude Oil ETF,30.32,2.085,up,7.38,-21.22
OILK,ProShares Trust,19.55,-0.4775,down,2.38,-12.26
OILU,ProShares UltraPro 3x Crude Oil ETF,19.3,-1.52,down,7.3,-51.88
OILX,UBS AG,31.6703,-0.7904,down,2.43,-11.48
OLEM,Barclays PLC,16.5701,-0.4095,down,2.41,-8.07
OLO,PowerShares DB Gold Fund,5.105,0.095,up,1.9,-7.73
OMFL,Oppenheimer ETF Trust,27.0584,-0.2064,down,0.76,5.7
OMFS,Oppenheimer ETF Trust,25.639,-0.0119,down,0.05,3.55
OMOM,Oppenheimer ETF Trust,25.947,-0.2332,down,0.89,-2.6
ONEO,SPDR Russell 1000 Momentum Focus ETF,69.0137,-0.4359,down,0.63,-3.84
ONEQ,Fidelity Nasdaq Composite Index Tracking Stock,285.9,-3.05,down,1.06,3.56
ONEV,SPDR Russell 1000 Low Volatility Focus ETF,73.7782,-0.1732,down,0.23,4.48
ONEY,SPDR Russell 1000 Yield Focus ETF,68.0674,-0.3309,down,0.48,0.97
ONLN,ProShares Online Retail ETF,35.15,-0.61,down,1.71,-11.02
OQAL,Oppenheimer ETF Trust,26.7216,-0.2908,down,1.08,2.16
OSCV,Opus Small Cap Value Plus ETF,23.911,-0.0315,down,0.13,-4.53
OSIZ,Oppenheimer ETF Trust,26.2502,-0.1561,down,0.59,3.2
OUNZ,VanEck Merk Gold Trust,12.8535,0.0307,up,0.24,-1.46
OUSA,O'Shares FTSE U.S. Quality Dividend ETF,31.88,-0.146,down,0.46,3.29
OUSM,O'Shares FTSE Russell Small Cap Quality Dividend ETF,26.01,-0.02,down,0.08,0.62
OVLC,Invesco U.S. Large Cap Optimized Volatility ETF,30.4201,-0.1791,down,0.59,5.59
OVLU,Oppenheimer ETF Trust,25.6543,-0.1721,down,0.67,-4.26
OVOL,Oppenheimer ETF Trust,26.3376,-0.1865,down,0.7,2.63
OYLD,Oppenheimer ETF Trust,25.2802,-0.166,down,0.65,0.71
PALL,Aberdeen Standard Physical Palladium Shares ETF,131.58,1.14,up,0.87,35.35
PAVE,Global X Funds,15.05,-0.195,down,1.28,-6.82
PBE,Invesco Dynamic Biotech & Genome ETF,50.24,-1.58,down,3.05,2.53
PBJ,Invesco Dynamic Food & Beverage ETF,31.8401,0.06,up,0.19,-2.84
PBND,Invesco Exchange-Traded Fund Trust II,24.425,0.0347,up,0.14,-1.01
PBP,Invesco S&P 500 BuyWrite ETF,20.53,-0.09,down,0.44,-1.15
PBS,Invesco Dynamic Media ETF,31.56,-0.2,down,0.63,6.9
PBSM,Invesco Exchange-Traded Fund Trust II,25.74,-0.31,down,1.19,-5.8
PBTP,Invesco Exchange-Traded Fund Trust II,24.545,-0.025,down,0.1,-0.53
PBUS,Invesco Exchange-Traded Fund Trust II,26.97,-0.2598,down,0.95,3.56
PDBC,Invesco Optimum Yield Diversified Commodity Strategy No K-1 ET,16.11,-0.15,down,0.92,-7.51
PDP,Invesco DWA Momentum ETF,53.0751,-0.0349,down,0.07,1.05
PEJ,Invesco Dynamic Leisure and Entertainment ETF,42.4565,-0.1635,down,0.38,-4.78
PETZC,Gabelli NextShares Trust,99.97,0,unch,0,0
PEXL,Pacer US Export Leaders ETF,23.4592,-0.4135,down,1.73,-5.24
PEY,Invesco High Yield Equity Dividend Achievers ETF,17.15,0.01,up,0.06,-0.87
PEZ,Invesco DWA Consumer Cyclicals Momentum ETF,51.8103,-0.2416,down,0.46,3.91
PFF,iShares Preferred and Income Securities ETF,35.58,-0.2,down,0.56,-3.22
PFFA,Virtus InfraCap U.S. Preferred Stock ETF,23.6944,-0.1161,down,0.49,-4.57
PFFD,Global X Funds,23.56,-0.04,down,0.17,-1.67
PFFL,UBS AG,23.5153,-0.2183,down,0.92,-5.18
PFFR,ETFIS Series Trust I ETF,23.6233,-0.151,down,0.64,-1.96
PFI,Invesco DWA Financial Momentum ETF,31.7,-0.1,down,0.31,-9.04
PFIG,Invesco Fundamental Investment Grade Corporate Bond  ETF,25.01,-0.015,down,0.06,-0.81
PFM,Invesco Dividend Achievers ETF,26.23,-0.1685,down,0.64,1.73
PFXF,VanEck Vectors Preferred Securities ex Financials ETF,18.82,-0.08,down,0.42,0.21
PGF,Invesco Financial Preferred ETF,17.98,-0.08,down,0.44,-0.82
PGX,Invesco Preferred ETF,14.14,-0.08,down,0.56,-0.7
PHB,Invesco Fundamental High Yield Corporate Bond ETF,18.46,-0.05,down,0.27,-0.86
PHDG,Invesco S&P 500 Downside Hedged ETF,26.98,-0.1252,down,0.46,-10.4
PHYS,Sprott Physical Gold Trust ETV,10.59,0.06,up,0.57,-2.41
PILL,Direxion Daily Pharmaceutical & Medical Bull 3X Shares,23.7701,-0.9551,down,3.86,-10.09
PJAN,Innovator ETFs Trust,26.3512,-0.1018,down,0.38,4.63
PJP,Invesco Dynamic Pharmaceuticals ETF,64.82,-0.91,down,1.38,0.72
PJUL,Innovator ETFs Trust,24.8119,-0.1138,down,0.46,-0.68
PKB,Invesco Dynamic Building & Construction ETF,26.305,-0.135,down,0.51,-19.41
PKW,Invesco BuyBack Achievers ETF,57.84,-0.54,down,0.92,-2.16
PLW,Invesco 1-30 Laddered Treasury ETF,32.1,0.14,up,0.44,0.98
PMOM,Principal Sustainable Momentum Index ETF,26.95,0,unch,0,-2.14
PMR,Invesco Dynamic Retail ETF,35.875,-0.0392,down,0.11,-3.55
PNQI,Invesco Nasdaq Internet ETF,126.33,-2.32,down,1.8,2.08
PPA,Invesco Aerospace & Defense ETF,57.11,-0.2284,down,0.4,4.08
PPLC,PortfolioPlus S&P 500 ETF,35.9816,-0.4707,down,1.29,0.66
PPLN,J P Morgan Chase & Co,16.5846,-0.3807,down,2.24,-15.89
PPLT,Aberdeen Standard Physical Platinum Shares ETF,75.65,-0.82,down,1.07,-18.76
PPMC,PortfolioPlus S&P Mid Cap ETF,24.3653,-0.1651,down,0.67,-3.2
PPSC,PortfolioPlus S&P Small Cap ETF,34.951,-0.4104,down,1.16,1.93
PPTY,PPTY U.S. Diversified Real Estate ETF,29.23,0.3063,up,1.06,14.41
PQLC,PGIM QMA Strategic Alpha Large-Cap Core ETF,49.2492,-0.2906,down,0.59,0.32
PQSG,PGIM QMA Strategic Alpha Small-Cap Growth ETF,49.4106,-0.4674,down,0.94,-0.02
PQSV,PGIM ETF Trust ETF PGIM QMA Strategic Alpha Small-Cap Value ET,48.8022,-0.2833,down,0.58,-1.16
PRB,VanEck Vectors Pre-Refunded Municipal Index ETF,24.51,0.015,up,0.06,0.6
PRF,Invesco FTSE RAFI US 1000 ETF,110,-0.97,down,0.87,-1.48
PRFZ,Invesco FTSE RAFI US 1500 Small-Mid ETF,126.18,-1.0911,down,0.86,0.2
PRID,InsightShares LGBT Employment Equality ETF,24.925,-0.2473,down,0.98,4.14
PRN,Invesco DWA Industrials Momentum ETF,56.45,-0.47,down,0.83,-6.43
PSC,Principal U.S. Small-Cap Multi-Factor Index ETF,30.49,-0.3866,down,1.25,-2.68
PSCC,Invesco S&P SmallCap Consumer Staples ETF,75.3743,-1.2257,down,1.6,11.13
PSCD,Invesco S&P SmallCap Consumer Discretionary ETF,59.91,-0.3315,down,0.55,1.6
PSCE,Invesco S&P SmallCap Energy ETF,9.92,-0.4868,down,4.68,-31.69
PSCF,Invesco S&P SmallCap Financials ETF,53.82,0.3,up,0.56,2.49
PSCH,Invesco S&P SmallCap Health Care ETF,116.89,-1.53,down,1.29,13.72
PSCI,Invesco S&P SmallCap Industrials ETF,62.14,-0.99,down,1.57,1.88
PSCM,Invesco S&P SmallCap Materials ETF,45.9849,-1.1004,down,2.34,-7.84
PSCT,Invesco S&P SmallCap Information Technology ETF,78.03,-1.28,down,1.61,5.69
PSCU,Invesco S&P SmallCap Utilities & Communication Services ETF,52.2937,0.0137,up,0.03,6.63
PSET,Principal Price Setters Index ETF,33.8194,-0.1506,down,0.44,4.11
PSI,Invesco Dynamic Semiconductors ETF,50.61,-1.15,down,2.22,1.71
PSJ,Invesco Dynamic Software ETF,83.64,-0.26,down,0.31,27.62
PSK,SPDR Wells Fargo Preferred Stock ETF,41.59,-0.1408,down,0.34,-1.21
PSL,Invesco DWA Consumer Staples Momentum ETF,67.28,-0.32,down,0.47,5.15
PSLV,Sprott Physical Silver Trust ETV,5.69,0.02,up,0.35,-7.2
PSQ,ProShares Short QQQ,31.51,0.42,up,1.35,-8.67
PSR,Invesco Active U.S. Real Estate Fund,85.4946,0.8872,up,1.05,13.45
PST,ProShares UltraShort Lehman 7-10 Year Treasury,21.6605,-0.1295,down,0.59,-4.56
PTF,Invesco DWA Technology Momentum ETF,60.77,-0.1523,down,0.25,13.13
PTH,Invesco DWA Healthcare Momentum ETF,79.23,-0.65,down,0.81,4.75
PTLC,Pacer Funds,28.815,-0.005,down,0.02,0.03
PTMC,Pacer Funds,30.9,0.02,up,0.06,1.21
PTNQ,Pacer Funds,32.71,-0.03,down,0.09,4.33
PUI,Invesco DWA Utilities Momentum ETF,30.64,0.39,up,1.29,21.05
PULS,PGIM Ultra Short Bond ETF,50.02,0.01,up,0.02,0.01
PUTW,WisdomTree CBOE S&P 500 PutWrite Strategy Fund,26.39,-0.04,down,0.15,-5.94
PVAL,Principal Contrarian Value Index ETF,24.88,-0.22,down,0.88,-2.37
PVI,Invesco VRDO Tax Free Weekly ETF,24.94,0.035,up,0.14,-0.14
PWB,Invesco Dynamic Large Cap Growth ETF,45.3,-0.46,down,1.01,7.09
PWC,Invesco Dynamic Market ETF,93.9958,-0.4489,down,0.48,-1.25
PWV,Invesco Dynamic Large Cap Value ETF,35.07,-0.38,down,1.07,-6.22
PWZ,Invesco California AMT-Free Municipal Bond Portfolio,25.8349,0.1049,up,0.41,-0.66
PXE,Invesco Dynamic Energy Exploration &Production ETF,18.319,-0.781,down,4.09,-10.79
PXI,Invesco DWA Energy Momentum ETF,31.31,-0.94,down,2.91,-16.3
PXJ,Invesco Dynamic Oil & Gas Services ETF,6.8246,-0.2894,down,4.07,-23.38
PXLG,Invesco Russell Top 200 Pure Growth ETF,50.33,-0.53,down,1.04,7.41
PXLV,Invesco Russell Top 200 Pure Value ETF,37.1848,-0.3342,down,0.89,-1.86
PXMG,Invesco Russell MidCap Pure Growth ETF,52.35,-0.18,down,0.34,20.56
PXMV,Invesco Russell Midcap Pure Value ETF,30.6219,-0.0381,down,0.12,2.54
PXQ,Invesco Dynamic Networking ETF,53.9643,-0.7666,down,1.4,16.45
PXSG,Invesco Russell 2000 Pure Growth ETF,34.5486,-0.3014,down,0.86,10.49
PXSV,Invesco Russell 2000 Pure Value ETF,29.405,-0.145,down,0.49,1.06
PY,Principal Shareholder Yield Index ETF,30.65,-0.2301,down,0.75,0
PYPE,UBS AG,21.83,-0.4302,down,1.93,-11.21
PYZ,Invesco DWA Basic Materials Momentum ETF,58.03,-1.31,down,2.21,-12.79
PZA,Invesco National AMT-Free Municipal Bond ETFo,25.1,0.03,up,0.12,-0.95
PZI,Invesco Zacks Micro Cap ETF,17.6091,-0.2098,down,1.18,-3.1
PZT,Invesco New York AMT-Free Municipal Bond ETF,24.05,0.08,up,0.33,-0.83
QABA,First Trust NASDAQ ABA Community Bank Index Fund,48.73,0.39,up,0.81,-7.87
QAI,IQ Hedge MultiIQ Hedge Multi-Strategy Tracker ETF,29.67,-0.09,down,0.3,-2.81
QARP,Xtrackers Russell 1000 US QARP ETF,25.5027,-0.2473,down,0.96,2.55
QDEF,FlexShares Quality Dividend Defensive Index Fund,42.5255,-0.2045,down,0.48,-1.23
QDF,FlexShares Quality Dividend Index Fund,42.94,-0.23,down,0.53,-2.95
QDIV,Global X Funds,24.1339,-0.2562,down,1.05,-2.17
QDYN,FlexShares Quality Dynamic Index Fund,41.829,-0.3606,down,0.85,-3.28
QGRO,American Century STOXX U.S. Quality Growth ETF,37.8642,-0.2074,down,0.54,-5.46
QID,ProShares UltraShort QQQ,39.44,1.02,up,2.65,-21.46
QLC,FlexShares US Quality Large Cap Index Fund,32.7299,-0.4101,down,1.24,-0.54
QLD,ProShares Ultra QQQ,79.09,-2.19,down,2.69,2.81
QMN,IQ Hedge Market Neutral Tracker ETF,25.675,-0.0269,down,0.1,-0.04
QMOM,ValueShares U.S. Quantitative Value ETF,28.6104,0.0069,up,0.02,-1.48
QQEW,First Trust NASDAQ-100 Equal Weighted Index Fund,61.26,-0.77,down,1.24,4.27
QQQ,"Invesco QQQ Trust, Series 1",168.23,-2.29,down,1.34,5.06
QQQE,Direxion NASDAQ-100 Equal Weighted Index Shares,45.6367,-0.6233,down,1.35,4.78
QQXT,First Trust NASDAQ-100 Ex-Technology Sector Index Fund,50.57,-0.45,down,0.88,2.86
QSY,WisdomTree U.S. Quality Shareholder Yield Fund,83.0994,-0.513,down,0.61,1.64
QTEC,First Trust NASDAQ-100- Technology Index Fund,77.654,-1.4563,down,1.84,6.78
QUAL,iShares Trust,83.57,-0.84,down,1,1.71
QUS,SPDR MSCI USA StrategicFactors ETF,78.79,-0.6477,down,0.82,3.28
QVAL,ValueShares U.S. Quantitative Value ETF,28.5038,-0.4763,down,1.64,-6.52
QVM,Arrow QVM Equity Factor ETF,26.4643,-0.2366,down,0.89,-7.93
QYLD,Global X NASDAQ-100 Covered Call ETF,22.25,-0.07,down,0.31,-9.64
SYV,SPDR MFS Systematic Value Equity ETF,64.3852,-0.4568,down,0.7,-0.57
SZK,ProShares UltraShort Consumer Goods,15.6093,0.1801,up,1.17,3.84
SZNE,Pacer CFRA-Stovall Equal Weight Seasonal Rotation ETF,25.7741,-0.2436,down,0.94,3.87
SZO,PowerShares DB Gold Fund,72.8353,2.2276,up,3.15,-7.88
TAGS,Teucrium Agricultural Fund ETV,20.6013,-0.2194,down,1.05,-7.94
TAIL,Cambria ETF Trust,20.8,0.17,up,0.82,-11
TAN,Invesco Solar ETF,22.9,-0.38,down,1.63,-0.64
TAPR,Barclays PLC,23.55,0,unch,0,-9.67
TAXF,American Century Diversified Municipal Bond ETF,50.22,0.12,up,0.24,0.16
TBF,ProShares Short 20+ Year Treasury,22.36,-0.15,down,0.67,-2.55
TBLU,Managed Portfolio Series,27.895,-0.0536,down,0.19,-1.2
TBT,ProShares UltraShort Lehman 20  Year Treasury,34.88,-0.45,down,1.27,-5.96
TBX,ProShares Short 7 10 Year Treasury,28.375,-0.094,down,0.33,-2.16
TDIV,First Trust NASDAQ Technology Dividend Index Fund,35.91,-0.54,down,1.48,2.27
TDTF,FlexShares iBoxx 5 Year Target Duration TIPS Index Fund,24.375,0.035,up,0.14,-1.1
TDTT,FlexShares iBoxx 3 Year Target Duration TIPS Index Fund,24,0.01,up,0.04,-0.99
TECL,Direxion Technology Bull 3X Shares,106.79,-4.71,down,4.22,-6.14
TECS,Direxion Technology Bear 3X Shares,20.54,0.84,up,4.26,-37.16
TERM,EquityCompass Tactical Risk Manager ETF,17.77,0.0049,up,0.03,-19.98
TETF,ETF Industry Exposure & Financial Services ETF,17.3391,-0.1051,down,0.6,-9.07
TFI,SPDR Nuveen Bloomberg Barclays Municipal Bond ETF,48.46,0.1,up,0.21,0.67
TFLO,iShares Treasury Floating Rate Bond ETF,50.28,-0.0177,down,0.04,0.2
TILT,FlexShares Mornigstar US Market Factors Tilt Index Fund ETF,109.91,-0.96,down,0.87,-0.34
TIP,iShares TIPS Bond ETF,110.71,0.17,up,0.15,-1.59
TIPX,SPDR Bloomberg Barclays 1-10 Year TIPS,19.025,0.015,up,0.08,-0.26
TIPZ,PIMCO Broad U.S. TIPS Index Exchange-Traded Fund,56.592,0.077,up,0.14,-1.52
TLH,iShares 10-20 Year Treasury Bond ETF,133.61,0.59,up,0.44,1.54
TLT,iShares 20+ Year Treasury Bond ETF,121.83,0.8,up,0.66,0.89
TMF,Direxion Daily 20-Yr Treasury Bull 3x Shrs,19.51,0.36,up,1.88,2.52
TMFC,Motley Fool 100 Index ETF,20.2043,-0.3457,down,1.68,7.48
TMV,Direxion Daily 20-Year Treasury Bear 3X,18.03,-0.37,down,2.01,0
TNA,Direxion Small Cap Bull 3X Shares,57.82,-1.43,down,2.41,-9.78
TPOR,Direxion Daily Transportation Bull 3X Shares,25.4147,-0.2762,down,1.08,0
TPYP,Tortoise North American Pipeline ETF,22.69,-0.2261,down,0.99,0
TQQQ,ProShares UltraPro QQQ,46.99,-2,down,4.08,0
TTAC,TRIMTABS ETF TRUST,34.19,-0.2003,down,0.58,1.69
TTT,ProShares UltraPro Short 20 Year Treasury,25.2,-0.55,down,2.14,0
TUSA,First Trust Total US Market AlphaDEX ETF,32.41,-0.2582,down,0.79,0
TUZ,PIMCO 1-3 Year US Treasury Index Exchage-Traded Fund,50.1998,0.0351,up,0.07,0
TVIX,Credit Suisse AG,38.07,2.29,up,6.4,0
TWM,ProShares UltraShort Russell2000,16.38,0.24,up,1.49,0
TYBS,Direxion Daily 20 Year Treasury Bear 1X Shares,20.248,-0.1311,down,0.64,0
TYD,Direxion Daily 10-Yr Treasury Bull 3x Shrs,43.83,0.6353,up,1.47,0
TYNS,Direxion Daily 7 10 Year Treasury Bear 1X Shares,28.0681,-0.0832,down,0.3,-2.56
TYO,Direxion Daily 10-Yr Treasury Bear 3x Shrs,13.7301,0.0151,up,0.11,-9.71
TZA,Direxion Small Cap Bear 3X Shares,10.74,0.26,up,2.48,0
UAG,ETRACS 2X Wells Fargo - BDCI,16.525,-0.16,down,0.96,0
UAUD,Citigroup Global Markets Holdings Inc,18.2668,-0.167,down,0.91,0
UBG,ETRACS 2X Wells Fargo - BDCI,32.9775,0.0309,up,0.09,-1.58
UBIO,Proshares UltraPro Nasdaq Biotechnology,26.49,-2.1,down,7.35,0
UBT,ProShares Ultra 20+ Year Treasury,77.0577,0.9846,up,1.29,0
UCC,ProShares Ultra Consumer Services,90.5876,-1.1561,down,1.26,0
UCHF,Citigroup Global Markets Holdings Inc,20.3532,-0.0435,down,0.21,-34.09
UCI,ETRACS 2X Wells Fargo - BDCI,14.48,-0.21,down,1.43,0
UCIB,UBS AG,14.5029,-0.1456,down,0.99,0
UCO,ProShares Ultra Bloomberg Crude Oil,17.14,-0.84,down,4.67,0
UDBI,Legg Mason US Diversified Core ETF,29,-0.18,down,0.62,0
UDN,Invesco DB USD Index Bearish ETF,20.8904,-0.0396,down,0.19,0
UDOW,ProShares UltraPro Dow30,88.74,-2.11,down,2.32,0
UEUR,Citigroup Global Markets Holdings Inc,18.7403,-0.1865,down,0.99,0
UGA,United States Gasoline Fund LP,24.69,-0.51,down,2.02,0
UGAZ,Credit Suisse AG,27.48,-3.71,down,11.89,0
UGBP,Citigroup Global Markets Holdings Inc,19.8344,0.0731,up,0.37,0
UGE,ProShares Ultra Consumer Goods,39.0864,-0.4847,down,1.22,0
UGL,ProShares Ultra Gold,38.61,0.16,up,0.42,0
UITB,USAA Core Intermediate-Term Bond ETF,48.88,0.025,up,0.05,0
UJAN,Innovator ETFs Trust,26.0964,-0.0236,down,0.09,0
UJB,ProShares Ultra High Yield ETF,65.65,-0.29,down,0.44,0
UJPY,Citigroup Global Markets Holdings Inc,24.997,0.0598,up,0.24,0
UJUL,Innovator ETFs Trust,24.4567,-0.1285,down,0.52,0
ULBR,Citigroup Global Markets Holdings Inc VelocityShares Long LIBO,33.035,-0.386,down,1.15,0
ULVM,USAA MSCI USA Value Momentum Blend Index ETF,49.1072,-0.444,down,0.9,0
UMDD,UltraPro MidCap400,95.93,-1.3293,down,1.37,0
UNG,United States Natural Gas Fund LP,22.95,-0.92,down,3.85,0
UNL,United States 12 Month Natural Gas Fund,10.2144,-0.2056,down,1.97,0
UPRO,ProShares UltraPro S&P 500,43.14,-1.28,down,2.88,-5.99
UPW,ProShares Ultra Utilities,51.5818,1.2697,up,2.52,0
URE,ProShares Ultra Real Estate,70.33,1.04,up,1.5,0
URTY,ProShares UltraPro Russell2000,68.16,-1.71,down,2.45,0
USAI,American Energy Independence ETF,23.6896,-0.3407,down,1.42,0
USCI,United States Commodity Index Fund ETV,38.58,-0.21,down,0.54,0
USD,ProShares Ultra Semiconductors,35.61,-1.65,down,4.43,0
USDU,WisdomTree Bloomberg U.S. Dollar Bullish Fund,27.0303,0.1503,up,0.56,0
USEQ,Invesco Exchange-Traded Fund Trust II,26.5886,-0.1514,down,0.57,0
USFR,WisdomTree Floating Rate Treasury Fund,25.1,0,unch,0,0
USHY,iShares Trust,47.755,-0.2014,down,0.42,0
USL,United States 12 Month Oil,20.53,-0.44,down,2.1,0
USLB,Invesco Russell 1000 Low Beta Equal Weight ETF,31.05,-0.125,down,0.4,0
USMC,Principal U.S. Mega-Cap Multi-Factor Index ETF,26.68,-0.221,down,0.82,0
USMF,WisdomTree Trust,28.27,-0.08,down,0.28,0
USMV,iShares Trust,55.84,-0.12,down,0.21,0
USO,United States Oil Fund,11.07,-0.25,down,2.21,0
USOD,United States 3x Short Oil Fund,7.8472,0.5359,up,7.33,0
USOI,Credit Suisse AG,21.7199,-0.3201,down,1.45,0
USOU,United States 3x Oil Fund,23.3999,-1.8401,down,7.29,0
USRT,iShares Core U.S. REIT ETF,50.66,0.49,up,0.98,0
UST,ProShares Ultra 7-10 Year Treasury,56.1656,0.3301,up,0.59,0
USTB,USAA Core Short-Term Bond ETF,49.87,0.0377,up,0.08,0
USV,ETRACS 2X Wells Fargo - BDCI,19.7142,-0.0704,down,0.36,0
USVM,USAA MSCI USA Small Cap Value Momentum Blend Index ETF,50.3906,-0.341,down,0.67,0
UTES,ETFIS Series Trust I Reaves Utilities ETF,35.2036,0.4367,up,1.26,0
UTRN,Vesper US Large Cap Short-Term Reversal Strategy ETF,23.9238,0.2025,up,0.85,0
UTSL,Direxion Daily Utilities Bull 3X Shares,29.9535,1.005,up,3.47,0
UUP,Invesco DB USD Index Bullish Fund ETF,25.69,0.06,up,0.23,0
UVXY,ProShares Trust Ultra VIX Short Term Futures ETF,50.93,2.48,up,5.12,0
UWM,ProShares Ultra Russell2000,64.74,-1.06,down,1.61,0
UWT,VelocityShares 3x Long Crude Oil ETNs linked to the S&P GSCI C,12.82,-1.01,down,7.3,0
UXI,ProShares Ultra Industrials,66.6567,-1.1172,down,1.65,0
UYG,ProShares Ultra Financials,38.97,-0.37,down,0.94,0
UYM,ProShares Ultra Basic Materials,51.63,-1.985,down,3.7,0
VALQ,American Century STOXX U.S. Quality Value ETF,38.4967,-0.2534,down,0.65,0
VAMO,Cambria ETF Trust,21.7939,0.0227,up,0.1,0
VAW,Vanguard Materials ETF,117.93,-1.73,down,1.45,0
VB,Vanguard Small-Cap ETF,148.86,-1.04,down,0.69,0
VBK,Vanguard Small-Cap Growth ETF,171,-1.49,down,0.86,0
VBND,ETF Series Solutions Trust Vident Core U.S. Bond Strategy Fund,48.06,-0.02,down,0.04,0
VBR,Vanguard Small-Cap Value ETF,127.99,-0.62,down,0.48,0
VCR,Vanguard Consumer Discretion ETF,163.75,-1.52,down,0.92,0
VDC,Vanguard Consumer Staples ETF,138.54,-0.27,down,0.19,0
VDE,Vanguard Energy ETF,85.16,-2.07,down,2.37,0
VETS,Pacer Military Times Best Employers ETF,25.7371,0,unch,0,0
VFH,Vanguard Financials ETF,65,-0.45,down,0.69,0
VFLQ,Vanguard Wellington Fund,77.45,-0.48,down,0.62,0
VFMF,Vanguard Wellington Fund,73.96,-0.33,down,0.44,0
VFMO,Vanguard Wellington Fund,75.3546,-0.3833,down,0.51,0
VFMV,Vanguard Wellington Fund,80.4275,-0.0942,down,0.12,0
VFQY,Vanguard Wellington Fund,77.49,-0.574,down,0.74,0
VFVA,Vanguard Wellington Fund,72.4066,-0.884,down,1.21,0
VGIT,Vanguard Intermediate-Term Treasury ETF,63.56,0.1,up,0.16,0
VGLT,Vanguard Long-Treasury ETF,74.95,0.49,up,0.66,0
VGSH,Vanguard Short-Term Treasury ETF,60.11,0.04,up,0.07,0
VGT,Vanguard Information Tech ETF,183.88,-2.52,down,1.35,0
VHT,Vanguard Health Care ETF,168.56,-2.02,down,1.18,0
VIG,Vanguard Div Appreciation ETF,104.83,-0.37,down,0.35,0
VIIX,Credit Suisse AG,14.63,0.47,up,3.32,-22.07
VIOG,Vanguard S&P Small-Cap 600 Growth ETF,151.42,-1.32,down,0.86,0
VIOO,Vanguard S&P Small-Cap 600 ETF,139.4,-1.3,down,0.92,0
VIOV,Vanguard S&P Small-Cap 600 Value ETF,127.9713,-1.2487,down,0.97,0
VIS,Vanguard Industrials ETF,136.04,-1.01,down,0.74,0
VIXM,ProShares Trust VIX Mid-Term Futures ETF,22.75,0.228,up,1.01,0
VIXY,ProShares Trust VIX Short-Term Futures ETF,28.51,0.96,up,3.48,0
VLU,SPDR S&P 1500 Value Tilt ETF,99.1986,-0.9198,down,0.92,0
VLUE,iShares Trust,79.4,-1.13,down,1.4,0
VMBS,Vanguard Mortgage-Backed Securities ETF,51.72,0.02,up,0.04,0
VNQ,Vanguard Real Estate ETF,84.12,0.69,up,0.83,0
VO,Vanguard Mid-Cap ETF,153.84,-0.76,down,0.49,0
VOE,Vanguard Mid-Cap Value ETF,105.32,-0.42,down,0.4,0
VONE,Vanguard Russell 1000 ETF,124.14,-1.19,down,0.95,0
VONG,Vanguard Russell 1000 Growth ETF,147.05,-1.41,down,0.95,0
VONV,Vanguard Russell 1000 Value ETF,104.7,-0.76,down,0.72,0
VOO,Vanguard S&P 500 ETF,248.33,-2.46,down,0.98,0
VOOG,Vanguard S&P 500 Growth ETF,145.28,-1.34,down,0.91,0
VOOV,Vanguard S&P 500 Value ETF,105.95,-1.01,down,0.94,0
VOT,Vanguard Mid-Cap Growth ETF,134.12,-0.78,down,0.58,0
VOX,Vanguard Communication Services  ETF,81.06,-0.74,down,0.9,0
VPU,Vanguard Utilities ETF,123.47,1.63,up,1.34,0
VQT,Barclays PLC,157.863,-1.207,down,0.76,0
VRIG,Invesco Variable Rate Investment Grade ETF,24.86,0.01,up,0.04,0
VRP,Invesco Variable Rate Preferred ETF,24.15,-0.07,down,0.29,0
VSDA,VictoryShares Dividend Accelerator ETF,29.56,-0.1401,down,0.47,0
VSL,Volshares Large Cap ETF,25.7427,0.2003,up,0.78,0
VSMV,VictoryShares US Multi-Factor Minimum Volatility ETF,28.4929,-0.0671,down,0.23,0
VTC,Vanguard Total Corporate Bond ETF,81.8,-0.01,down,0.01,0
VTEB,Vanguard Tax-Exempt Bond ETF,51.35,0.12,up,0.23,0
VTHR,Vanguard Russell 3000 ETF,123.85,-1.2,down,0.96,0
VTI,Vanguard Total Stock Market ETF,138.83,-1.33,down,0.95,0
VTIP,Vanguard Short-Term Inflation-Protected Securities Index Fund,48.19,0,unch,0,0
VTV,Vanguard Value ETF,104.74,-0.89,down,0.84,-0.3
VTWG,Vanguard Russell 2000 Growth ETF,136.58,-1.69,down,1.22,0
VTWO,Vanguard Russell 2000 ETF,120.24,-0.87,down,0.72,0
VTWV,Vanguard Russell 2000 Value ETF,104.22,-0.45,down,0.43,0
VUG,Vanguard Growth ETF,147.13,-1.47,down,0.99,3.2
VUSE,ETF Series Solutions Trust Vident Core US Equity ETF,30.87,-0.1658,down,0.53,0
VV,Vanguard Large-Cap ETF,124.27,-1.17,down,0.93,0
VXF,Vanguard Extended Market ETF,112.34,-0.68,down,0.6,0
VXXB,Barclays PLC,34.65,1.12,up,3.34,0
VXZB,Barclays PLC,18.97,0.2,up,1.07,0
VYM,Vanguard High Dividend Yield ETF,82.92,-0.6,down,0.72,0
WDRW,Direxion Daily Regional Banks Bear 3X Shares,29.2019,-1.2902,down,4.23,0
WEAT,Teucrium Wheat Fund ETV,5.98,-0.1019,down,1.68,0
WFHY,WisdomTree Trust,49.757,-0.1819,down,0.36,0
WFIG,WisdomTree Trust,48.375,-0.0101,down,0.02,0
WIL,Barclays PLC,65.6035,-0.638,down,0.96,0
WIP,SPDR FTSE International Government Inflation-Protected Bond ET,53.99,-0.04,down,0.07,0
WMCR,Invesco Wilshire Micro-Cap ETF,31.5094,-0.2492,down,0.78,0
WMW,PowerShares DB Treasury,33.455,-0.315,down,0.93,0
WOMN,Impact Shares Trust I ETF Impact Shares YWCA Womenas Empowerme,19.0008,-0.2313,down,1.2,0
WREI,Invesco Wilshire US REIT ETF,48.867,0.4856,up,1,0
WTID,UBS AG,10.8519,0.7381,up,7.3,0
WTIU,UBS AG,12.33,-0.97,down,7.29,0
WYDE,ProShares Trust,31.74,0.1142,up,0.36,0
XAR,SPDR S&P Aerospace & Defense ETF,91.86,-0.48,down,0.52,0
XBI,SPDR Series Trust  SPDR S&P Biotech ETF,81.99,-2.29,down,2.72,0
XDIV,U.S. Equity Ex-Dividend Fund Series 2027 Shares,54.1733,-0.5423,down,0.99,0
XES,SPDR Series Trust SPDR S&P Oil & Gas Equipment & Services ETF,11.06,-0.46,down,3.99,0
XHB,SPDR Series Trust SPDR Homebuilders ETF,36.96,0.32,up,0.87,0
XHE,SPDR S&P Health Care Equipment,75.78,-1.0735,down,1.4,0
XHS,SPDR S&P Health Care Services ETF,70.33,0.23,up,0.33,0
XLB,Materials Select Sector SPDR,52.75,-0.74,down,1.38,0
XLE,SPDR Select Sector Fund - Energy Select Sector,63.23,-1.43,down,2.21,0
XLEY,Cushing Energy & MLP ETF,24.6096,-0.66,down,2.61,0
XLF,SPDR Select Sector Fund - Financial,25.8,-0.26,down,1,0
XLG,Invesco S&P 500 Top 50 ETF,192.1768,-2.3832,down,1.22,0
XLI,SPDR Select Sector Fund - Industrial,72.96,-0.5,down,0.68,0
XLK,SPDR Select Sector Fund - Technology,67.6,-0.94,down,1.37,0
XLP,SPDR Select Sector Fund - Consumer Staples,53.54,-0.04,down,0.07,0
XLRE,Real Estate Select Sector SPDR Fund (The),34.57,0.29,up,0.85,0
XLSY,Cushing Energy Supply Chain & MLP ETF,24.748,-0.5411,down,2.14,0
XLTY,Cushing Transportation & MLP ETF,24.5694,-0.178,down,0.72,0
XLU,SPDR Select Sector Fund - Utilities,55.44,0.72,up,1.32,0
XLUY,Cushing Utility & MLP ETF,24.9723,0.054,up,0.22,0
XLV,SPDR Select Sector Fund - Health Care,89.77,-1,down,1.1,0
XLY,SPDR Select Sector Fund - Consumer Discretionary,107.56,-0.89,down,0.82,0
XME,SPDR S&P Metals & Mining ETF,29.86,-0.72,down,2.35,0
XMLV,Invesco S&P MidCap Low Volatility ETF,48.34,0.26,up,0.54,0
XMPT,VanEck Vectors CEF Municipal Income ETF,25.095,-0.025,down,0.1,0
XNTK,SPDR NYSE Technology ETF,66.4414,-1.3486,down,1.99,0
XOP,SPDR S&P Oil & Gas Explor & Product,28.8,-1.3,down,4.32,0
XPH,SPDR S&P Pharmaceuticals ETF,40.11,-0.74,down,1.81,0
XRLV,Invesco S&P 500 ex-Rate Sensitive Low Volatility ETF,34.81,-0.1564,down,0.45,0
XRT,SPDR S&P Retail ETF,44.19,-0.3,down,0.67,0
XSD,SPDR S&P Semiconductor ETF,73.62,-1.63,down,2.17,0
XSHD,Invesco Exchange-Traded Fund Trust II,24.34,-0.025,down,0.1,0
XSHQ,Invesco Exchange-Traded Fund Trust II,27.1202,-0.1798,down,0.66,0
XSLV,Invesco S&P SmallCap Low Volatility ETF,46.93,0.13,up,0.28,0
XSW,SPDR S&P Software & Services ETF,87.044,-0.5652,down,0.65,0
XTH,SPDR S&P Technology Hardware ETF,71.4107,-1.3806,down,1.9,0
XTL,SPDR S&P Telecom ETF,67.8168,-1.0143,down,1.47,0
XTN,SPDR S&P Transportation ETF,60.97,0.01,up,0.02,0
XUSA,Northern Lights Fund Trust IV,29.19,0.125,up,0.43,0
XVZ,Barclays PLC,18.3153,0.084,up,0.46,0
XWEB,SPDR S&P Internet ETF,88.0202,-0.8708,down,0.98,0
YLDE,ClearBridge Dividend Strategy ESG ETF,27.7002,-0.2797,down,1,0
YMLI,VanEck Vectors High Income Infrastructure MLP ETF,11.9253,-0.3109,down,2.54,0
YMLP,VanEck Vectors High Income MLP ETF,19.2808,-0.3159,down,1.61,0
ZBIO,ProShares UltraPro Short NASDAQ Biotechnology,15.58,1.11,up,7.67,0
ZCAN,SPDR Solactive Canada ETF,56.1379,-0.3939,down,0.7,0
ZIV,Credit Suisse AG,70.77,-0.79,down,1.1,0
ZROZ,PIMCO 25  Year Zero Coupon U.S. Treasury Index Exchange-Traded,113.61,1.08,up,0.96,0
ZSL,ProShares UltraShort Silver,36.1,-0.2759,down,0.76,0